PLACE_NM,GUGUN_NM,TRRSRT_LA,TRRSRT_LO,TRRSRT_ROAD_NM_ADDR,TEL_NO,GRP_NM,SEASON_NM,IEM_NM,CL_NM,ETC_CN
용소웰빙공원,기장군,35.24629,129.20414,부산 기장군 서부리 산 7-2,0517094534,"가족, 아이, 커플","봄, 가을","자연,공원 ,걷기","바다,도시",사계절 내내 아름다운 자연풍경을 느끼며 숲길 산책로를 따라 걷고 용소골저수지를 즐길 수 있는 숨은 산책 코스 중 하나입니다. 저수지에서 은은하게 불어오는 바람을 느끼며 여유롭게 봄 내음을 맡으며 즐기는 산책의 즐거움은 또 다른 기장을 느낄 수 있는 공간입니다.
몰운대 트레킹,사하구,35.04651,128.96274,부산광역시 사하구 몰운대1길 14,0512204127,"가족, 아이, 커플, 친구",사계절,"자연,걷기",바다,이곳은 부산 시민들도 간단한 운동 코스로 많이들 즐기시는 곳으로 가벼운 트레킹 코스이다. 다대포 지하철역 4번 출구로 나와 낙조분수를 지나서 쭈욱 가시다 보면 몰운대 등산로를 쉽게 발견하실 수 있다. 초반에 아주 살짝 가파른 길을 제외하면 산책처럼 다니기 너무 좋고 전망대에 가면 정말 가슴 뻥 뚫리는 풍경을 볼 수 있다.
일광해수욕장 데크길,기장군,35.26255,129.23371,부산 기장군 일광면 삼성리 40-3,0517094000,"가족,아이,커플","봄, 가을","자연,공원 ,걷기","바다,도시","약 10분 정도면 모든 곳을 둘러볼 수 있는 작은 공원이지만 산책을 즐기는 내내 바다를 볼 수 있다는 점에서 부산에서 꼭 다녀와야 하는 산책로 중 하나입니다! 일광해수욕장에서 학리방파제에 이르는 구간까지 예쁜 바다 위를 걸을 수 있는 데크길이 조성되면서 현재는 산책하기 좋은 곳으로 사랑을 받고 있습니다. 일광역에서 가깝게 찾을 수 있는 곳으로, 남녀노소 누구나 쉽게 접할 수 있는 산책코스입니다."
IKEA(이케아)동부산점,기장군,35.19029,129.21034,부산광역시 기장군 기장읍 동부산관광3로 17,16704532,"가족,부모,아이,커플,친구",사계절,쇼핑,도시,"파란색 외관에 노란색 상호가 인상적인 스웨덴 기업 IKEA, 홈 퍼니싱을 대표하는 쇼핑센터로 한국에서도 그 인기가 대단합니다. 기장에도 IKEA동부산점이 자리하면서 부산의 핫플레이스로 떠올랐습니다. 3층 쇼룸을 시작으로 2층, 1층을 순차적으로 둘러볼 수 있는 동선으로 이루어져 있으며, 특유의 심플하고 합리적인 제품을 다양한 형식으로 전시?판매하고 있습니다. 특히 3층 쇼룸은 집 내부공간을 각각의 특색에 맞춘 콘셉트로 전시해 방문객에게 색다른 즐거움을 선사하고 있습니다. 아이들이 안전하게 뛰어놀 수 있는 놀이시설과 스웨덴의 맛을 즐길 수 있는 전문 푸드코트까지 갖춘 IKEA동부산점에서 편안하고 안락한 홈앤리빙 쇼핑을 시작하세요!"
사상근린공원,사상구,35.15885,128.99311,부산광역시 사상구 백양대로 570 일원,07040108130,"가족,아이","봄,여름,가을","자연,걷기",산,"아이들이 마음 놓고 뛰어놀 수 있는 장소는 없을까 고민 중이라면 딱 맞춤형 사상근린공원으로 가보실까요? 테마형 미니 정원과 모험놀이장이 멋지게 조성된 사상근린공원, 아이들을 위한 야외 활동지로 주저 없이 손꼽히는 곳이랍니다. 아기자기한 테마공원 사상정원은 날 좋은 날 나들이 하기 딱 좋은 곳입니다. 공원 전체가 경사진 곳에 조성되었지만 언덕을 오르는 길 사이로 예쁜 정원이며, 숲길이며, 포토존이며 그 모든 것이 매력적이랍니다. 다양한 종류의 야생화와 꽃나무가 풍성해 계절마다 그 모습을 달리하며 소소한 힐링을 전해주는 공간입니다. 주차장에서 바로 연결되는 사상정원에 들어서면 맞이정원부터 시작해 언덕을 따라 네덜란드 정원, 프랑스 정원, 한국 정원, 일본 정원, 미로정원, 하늘정원, 사상전망대의 순서로 돌아볼 수 있습니다. 모두 아담한 크기의 미니 정원이지만 각 나라의 특징을 잘 살린 정원이랍니다. 넓고 화려하진 않아도 언뜻 미니어처를 보는 듯 신기해서 사진 한 장 꼭 남기고 싶은 그런 테마정원입니다. 반대편 언덕에는 아이들을 위한 숲 속 모험놀이장이 있답니다. 대규모 야외 키즈카페라고 할까요?...^^ 테마별로 각각 구분되어 조성된 이곳은 맨 아래쪽부터 언덕 위쪽으로 모래놀이장, 숲속요새, 버섯놀이터, 미끄럼틀, 모험의 성, 잔디동산 등의 순서로 마음껏 놀이를 즐길 수 있어요. 아이들에게 인기 만점 모험놀이장은 시간 순삭과 함께 귀가 후 아이들 기절을 부르는 훌륭한(?) 놀이터랍니다. 경사로를 따라 느긋하게 걸으며 상쾌한 숲 속 공기 만끽할 수 있는 사상근린공원, 가족단위 피크닉을 즐기며 아이들이 신나게 뛰어놀 수 있는 곳. 자연과 더불어 온전한 하루를 만끽할 수 있는 사상근린공원에서 활력 충전하고 가세요~!"
을숙도생태공원,사하구,35.11677,128.94916,부산광역시 사하구 낙동남로 1240,0512092000,"가족,부모,아이,커플,친구,혼자",사계절,"자연,공원,걷기,이색여행",기타,"을숙도는 낙동강이 바다와 만나는 곳에 형성된 섬이다. 삼각주를 비롯해 하구와 갯벌, 모래섬 등 다양한 생물들이 살 수 있는 환경이 잘 조성된 '생태계의 보고'다. 겨울에는 수천 마리의 철새들이 겨울을 나기 위해 을숙도로 날아든다. 낙동강에코센터를 방문하면 끝이 보이지 않는 습지와 갈대밭 사이로 철새들의 모습을 생생하게 관찰할 수 있다. 부산 현대미술관 맞은편에 위치한 피크닉광장은 9월 말부터 온통 분홍빛으로 물들어 가을 정취를 북돋운다. 분홍쥐꼬리새라 불리는 '핑크뮬리'가 만개해 가을가을한 분위기를 듬뿍 느끼게 한다. 그리 큰 규모는 아니지만 공원 한편을 원형으로 감싸 도는 형태로 군락을 이루고 있어서 가볍게 산책을 즐기며 가을 기분을 느끼기에 부족함이 없다.?(올해는 코로나19 확산을 막기 위해 최근 핑크뮬리를 잘라냈기 때문에 이제는 볼 수가 없다.) 을숙도공원 피크닉광장 가운데엔 드넓은 잔디밭이 펼쳐져 있다. 핑크뮬리와 함께 인생사진을 찍느라 지쳤다면 잔디밭 가운데에 듬성듬성 서 있는 키 큰 나무 아래에서 가을바람을 맞으며 잠시 쉬어도 좋다. '피크닉광장'이란 이름에 걸맞게 나무 그늘 아래 돗자리를 펴고 도시락을 먹거나 책을 읽는 사람들이 주변에 가득하다. 을숙도공원이 가장 빛나는 시간은 해가 질 무렵이다. 나른해진 햇살이 세상을 황금빛으로 물들이며 영화 속 한 장면을 연출한다. 멋진 인물사진을 찍고 싶다면 이 순간을 놓치지 말자. 인생사진은 이런 빛 속에서 탄생한다."
삼락생태공원,사상구,35.16873,128.97355,부산광역시 사상구 낙동대로 1231,0513030048,"가족,부모,아이,커플,친구,혼자",사계절,"자연,공원,걷기,이색여행",기타,을숙도 생태공원에서 자동차로 10여 분 떨어진 곳에 있는 삼락생태공원은 사시사철 색다른 풍경을 만날 수 있는 도심 속 생활 공원이다. 계절마다 예쁜 꽃들이 지천으로 피어나는데다 산책로와 운동시설을 잘 갖추고 있어서 부산 시민들뿐 아니라 관광객들도 즐겨 찾는 곳이다. 조금만 안쪽으로 들어가면 낙동강 샛강 사이로 무성한 나무들이 숲을 끝이 보이지 않을 정도로 드넓게 숲을 이루고 있어서 대도시가 아닌 한적한 시골에 와 있는 듯 한 착각마저 드는 이색적인 장소다. 어느 계절인들 아름답지 않겠냐 만은 삼락생태공원의 매력을 제대로 느낄 수 있는 계절은 단연 가을이다. 새하얀 갈대꽃이 끝도 없이 이어지는 장관을 만날 수 있기 때문이다. 9월 중순부터 10월 말까지 삼락생태공원 일대는 갈대꽃의 향연이 펼쳐진다. 낙동강을 따라 빼곡하게 자라난 갈대가 어찌나 많은지 도무지 그 끝을 가늠하기조차 어렵다. 잠잠하던 바람이 스치듯 불어오면 마치 파도가 일듯 새하얀 갈대꽃이 일제히 춤을 춘다. 서로 어깨를 걸고 군무를 추는가 싶더니 엇갈린 바람에 제각기 몸을 흔들며 화려한 자태를 뽐낸다. 가만히 서서 그 모습을 지켜보고 있으면 얼굴에 절로 미소가 떠오른다.? 삼락생태공원 내에 있는 습지생태원은 가을바람을 맞으며 걷기 좋은 곳이다. 여름에는 연꽃이 활짝 피어 장관을 이루고 가을에는 갈대꽃이 걸음을 멈추게 한다. 갖가지 꽃을 만날 수 있는 야생화원과 코스모스 밭도 놓칠 수 없는 볼거리. 나무 사이로 난 오솔길을 따라 천천히 걸으면서 다양한 가을 풍경을 감상하다보면 시간이 어떻게 흘러가는지 까맣게 잊게 된다. 워낙 넓은 공간이라 하루 중 어느 때 방문해도 좋지만 가을 기분을 제대로 느끼고 싶다면 서쪽으로 해가 기우는 오후 시간대를 맞춰 방문하는 것이 좋다. 아이들과 함께 자전거를 타거나 뛰어 놀기에도 더할 나위 없이 좋은 공간이다.
대저생태공원,강서구,35.20498,128.98273,부산광역시 강서구 대저1동 2314-11,0519716011,"가족,부모,아이,커플,친구,혼자",사계절,"자연,공원,걷기,이색여행",기타,계절마다 다양한 꽃과 식물을 심어 관광객들에게 볼거리를 제공하는 대저생태공원도 가을이면 이색적인 풍경이 펼쳐진다. 올해는 코로나19 여파로 대규모 꽃단지를 만날 수는 없지만 공원 한편에 심어놓은 핑크뮬리는 예전보다 더 화려한 모습으로 우리를 기다리고 있다. 대저생태공원에 조성된 핑크뮬리 군락은 을숙도 생태공원보다 훨씬 면적이 넓다. 좁은 공간에 많은 사람이 몰려들면 사진을 찍기도 구경을 하기도 힘들지만 대저생태공원은 물리적 공간이 넓어 그런 걱정은 넣어두어도 된다. 을숙도나 삼락생태공원처럼 도심과 완전히 동떨어진 듯 한 풍경은 아니지만 낙동강 주변의 넓은 공간이 주는 시원함이 대저생태공원의 매력이다. 산이 많은 부산은 생각보다 평지가 많지 않다. 대부분 비탈이거나 언덕이어서 지평선을 만나기 어렵다. 하지만 대저생태공원에선 지평선을 마주하게 된다. 지하철 3호선 강서구청 역에서 가까워 언제든 찾을 수 있는 것도 장점이다.? 강둑을 따라 산책로가 길게 이어진다. 길옆으로 나무들이 보기 좋게 줄을 서 있고 그 사이로 갈대꽃이 드문드문 얼굴을 내민다. 대나무숲길도 만날 수 있다. 삼락생태공원만큼 압도적인 풍경은 아니지만 가을 분위기를 느끼기엔 부족함이 없다. 근처의 김해공항에서 날아오른 비행기와 하늘 가득 번지는 노을이 만나는 시간에는 여행 감성이 절정으로 치닫는다. 두 손에 카메라가 있다면 무조건 셔터를 눌러야할 매직 타임이다.
신평소공원,기장군,35.29378,129.26061,부산 기장군 일광면 일광로 582-47,0517094531,"가족,아이,커플","봄, 가을","자연,공원,걷기","바다,도시",비대면 여행지로 많은 사랑을 받기 시작한 신평소공원은 집 주변에서 흔히 볼 수 있는 평범한 공원과 달리 이색적인 조형물이 시선을 사로 잡는 곳입니다.
흰여울마을,영도구,35.07828,129.04531,부산광역시 영도구 절영로 250,0514194067,"가족,부모,아이,커플,친구,혼자","봄,여름,가을","자연,걷기",기타,"감천문화마을에서 차로 이동하면 금방 도착할 수 있는 영도 흰여울문화마을로 갔어요. 감천문화마을과 달리 사람이 많지 않아서 좋았는데, 파도소리를 들으며 상대적으로 여유로운 시간을 보낼 수 있었답니다. 변호인 촬영지로 유명한 골목길을 따라 걸었는데 사람이 없는 시간 때라서 한적했어요. 대박이도 사람에 치일 걱정하지 않고 걸을 수 있어서 신나 보였고 견주로서 행복했어요 :) 흰여울문화마을은 산책하는 길 곳곳마다 아름다운 풍경을 볼 수 있다는 게 매력인 것 같아요! 반려견과 여유롭게 걸으며 멋진 풍경을 보고 싶다면 흰여울문화마을을 추천해요!"
감천문화마을,사하구,35.09731,129.01028,부산광역시 사하구 감내2로 203 감천문화마을안내센터,0512041444,"가족,부모,아이,커플,친구,혼자","봄,여름,가을","자연,걷기",기타,"알록달록한 감천문화마을! 한국의 산토리니, 마추픽추로 불리는 만큼 감천문화마을만의 감성적인 분위기가 느껴졌고 볼거리가 가득했는데요! 반려견 대박이에게도 색다른 풍경을 보여줄 수 있을 것 같았어요. 역시 부산의 명소답게 구경하는 사람들이 많았는데요. 많은 인파로 인해 안전이 우려될 때는 안고 돌아다녔어요~ 대박이를 보고 귀엽다고 좋아해 주는 분들도 많았는데 그때 반려견과 인사할 때 주의할 점을 알려드렸어요. 반려견과 인사할 때 참고할 점 1. 주인에게 허락을 받는다. 2. 만질 때 선체로 팔을 뻗지 않는다. 3. 머리를 마구 쓰다듬지 않는다. 4. 반려견이 인사하고 싶지 않다는 표현(귀를 뒤로 젖힌다거나 물러서는 행동)을 했을 때 억지로 인사하지 않는다. 위 네 가지 사항을 지켜주신다면 반려견도, 견주도 친절히 소통하는 방법을 가르쳐 줄 거예요."
아미동 비석문화마을,서구,35.09906,129.01271,부산광역시 서구 아미로49,0512404496,"가족,아이",사계절,"자연,역사,문화",기타,"도로 하나를 사이에 두고 감천문화마을과 나란히 펼쳐지는 아미동 비석문화마을.산복도로 르네상스 시대를 맞아 방문하는 관람객들로 분주해진 산동네 마을 중 하나이다. 6.25 전쟁 통에 가재도구만 짊어지고 무작정 나선 피난길. 부산역으로 자꾸 몰려드는 피난민들에게 공무원이 쥐어준 작은 쪽지에는 짧은 주소가 하나 적혀 있었다.‘아미동 산19번지’, 앞으로 그들이 터를 잡고 살아가야 할 곳, 아미동 비석문화마을의 시작이었다. 일본인들의 공동묘지였던 아미동 산비탈 일대는 해방 후 그대로 방치되었다가, 부산으로 피난 온 사람들이 이 곳에 터를 잡게 되면서 주거지로 점차 바뀌게 되었다. 건축자재가 전무했던 시절, 묘지 위에 판자를 놓고 비석과 상석을 재료 삼아 집을 짓기 시작했다. 묘지 위에 집이라니, 지금이라면 상상조차 할 수 없지만 몸 하나 편히 뉠 공간도 없는데 무덤이 무슨 대수였을까. 바람 막아줄 기둥 하나 있다면 어디든 전쟁터보다 나았으리라. 집을 지으며 수습한 유골은 제를 지내고 근처 절에 모시기도 했다고 하니, 죽은 자에 대한 나름의 예는 갖춘 것이다.골목마다 비석을 품은 집들이 아픔으로 다가와 마음 한편에 자리한다. 누구라도 어쩔 수 없었던 역사의 흔적, 그 깊이를 마주하니 저절로 숙연해진다. 비석을 찾아 헤매다 만나는 골목벽화는 어린 시절의 추억을 불러오고 골목사이로 보이는 시원한 전망은 방문객의 힘든 발걸음을 쉬어가게도 한다. 그야말로 산 자와 죽은 자가 공존하는 마을이다. 과거는 현재로 이어지고 현재는 과거를 기억한다. 보따리 이고 지고 남쪽으로 피란행렬 따라 내려온 길, 그 길은 비석문화마을에 고단한 삶의 흔적을 남겼고 현재의 우리는 그 길을 다시 걷는다. 어느 삶인들 소중하지 않을 수 있을까. 순간순간 최선을 다해 살아 온 삶은 그저 놀랍고 신비롭고 아름다울 따름이다. 아미동 비석문화마을은 조용히 거닐며 마을 구석구석을 알아가는 여정이 좋다. 미처 헤아리지 못한 부산의 역사를 현장에서 바로 마주하는 느낌을 받는다. 부산의 여느 원도심 여행지와는 다르게 말로 표현할 수 없는 특별한 자극을 주는 비석문화마을이다."
한국신발관,동구,35.14108,129.05361,부산광역시 부산진구 백양대로 227(한국신발관),0518989300,"가족,아이,혼자",사계절,"문화,체험",도시,"신발산업은 굉장한 노동집약적인 산업으로 좁은 공장안에서 일일이 수작업을 통해 신발을 만들어야 했습니다. 힘들고 가난했던 시절, 늘 희생해야 했던 사람이었던 누나. 누나의 길에는 그 시절 우리 ‘누나’들의 이야기가 고스란히 남아있습니다. 이 좁은 골목길은 공장직원들이 애용하던 지름길이었습니다. 지금은 휑한 이 골목이 한 때 여공들의 구두소리로 가득했다고 해요.역사전시관은 어떤 모습일지 한번 둘러볼까요? 백제시대부터 고려, 조선시대를 아우르는 다양한 신발과 그 역사가 전시되어 있어요. 지금은 드라마 속에서나 볼 수 있는 신발이 눈앞에 펼쳐지니 이것 또한 신기한 체험인 것 같아요. 레트로의 상징 고무신이 보이네요. 직접 신어 볼 수 있다고 하니 고무신 신고 멋진 포즈 한번 잡아보시죠?^^ 곳곳에 그때 그 시절 말표신발, 범표신발, 타이거운동화 등을 기억하는 분들에게 흐뭇한 추억을 선사하는 전시물이 많이 보여요. 유명인들이 기증한 신발을 구경하는 것도 색다른 즐거움을 줍니다.그 때 그 시절 사용하던 재봉틀과 작업환경을 그대로 재현해 낸 공간을 보니 괜스레 마음이 뭉클해집니다. 한국신발관을 나오면 부산 커스텀 작가들을 위한 공간이 있어요. 커스텀 아티스트들과 내 신발 내 마음대로 할 수 있는 갖바치 체험도 있으니 자신만의 특별한 신발브랜드를 만들어보는 건 어떨까요?"
구덕문화공원,서구,35.12617,129.00514,부산광역시 서구 꽃마을로163번길 73,0512403521,"가족,부모,아이,친구","봄,여름,가을","자연,공원,걷기",산,"많은 시간을 집안에서 보내는 일이 많아진 요즘입니다. 코로나 상황이 종료되는 그날까지는 언택트 트렌드에 맞춰 거리두기가 가능한 야외활동 장소를 찾을 수 밖에 없는데요, 부산 서대신동 꽃마을에 인접한 구덕문화공원으로 한적한 산책 한 번 나가실래요? 구덕산 숲 속에 위치한 구덕문화공원은 울창한 숲이 우거진 산책로를 걸으며 마음의 평온을 얻을 수 있는 보물 같은 장소입니다. 싱그러운 초록의 숲이 전해주는 밝고 건강한 에너지를 한껏 누릴 수 있는 곳이에요. 숲길 일주를 하는 데 대략 40~50분 정도 소요되는 제법 넓은 공원입니다. 시간의 여유를 가지고 충분한 숲 속 힐링을 느껴보세요."
동래시장,동래구,35.20391,129.08588,부산광역시 동래구 동래시장길 14,0515521651,"가족,부모,아이,커플,친구,혼자",사계절,쇼핑,도시,"2층짜리 깔끔한 현대식 건물인 동래시장의 나이는 벌써 250살. 조선시대 부산지역 최대 5일장이었던 동래장터가 현재까지 동래에서 가장 큰 규모를 자랑하는 전통시장으로 이어지고 있다. 시장 내 점포들도 오랜 기간 전통을 유지해 온 집들이 많다. 건물 바깥쪽을 둘러싼 한약재상, 가격을 좀처럼 올리지 않는 식당가, 애교로 흥정이 가능한 패션잡화 등 대부분의 가게가 최소 40 ~ 50년 경력을 자랑한다. 가격 저렴, 상품 고퀄, 소문난 맛집 하면 동래시장!"
가덕해양파크휴게소,강서구,35.02359,128.80673,부산광역시 강서구 거가대로 2571,0517152200,"가족,커플,친구",사계절,"자연,이색여행",바다,"요즘 고속도로 휴게소의 풍경이 점점 달라지고 있다는 거 느끼셨나요? 그 중에서도 부산-거제 간 연결도로 휴게소인 가덕해양파크는 휴게소라는 말 보다 휴양지라는 말이 더 잘 어울리는 곳이랍니다. 천혜의 자연을 가득 담은 풍경맛집인 덕에 가덕해양파크는 잠깐 들렀다 지나치는 휴게소가 아니라 그 자체로 목적지가 되어 많은 사람들이 찾아오는 곳이 되었어요. 부산의 서쪽 끝 가덕도에 위치해 광활한 바다 풍경과 남해 특유의 잔잔함을 전해주는 가덕해양파크휴게소, 웬만한 오션뷰는 이곳에선 명함도 내밀지 못 할거에요. 드넓은 야외테라스와 힐링산책로가 기분 좋은 휴식을 선사합니다. 한참을 거닐어도 힘들긴커녕 오히려 쌓였던 피로가 저 멀리 날아가 버린답니다. 테라스 벤치에 앉아 수다삼매경에 빠지기도 하고, 저 멀리 정자에 앉아 넋 놓고 바다멍을 즐기는 여유로운 시간을 만끽해 보세요."
부산어촌민속관,북구,35.23407,129.00859,부산광역시 북구 학사로 128,0515508882,"부모,아이,커플,친구,혼자",사게절,"문화,체험",도시,지금은 거대한 해양관광수도의 상징이 되었지만 과거 부산은 조그만 어촌마을에 지나지 않았다. 오로지 바다와 낙동강에 삶을 의지하며 어촌문화를 꽃피운 선조들의 삶을 엿볼 수 있는 부산어촌민속관은 낙동강과 함께 수천 년을 살아 온 사람들에 대한 이야기와 그들의 삶에 녹아든 민속 문화를 생생하게 재현해 놓은 곳이다. 오늘은 강에서 바다로 이어지는 부산 어촌문화에 대한 여행을 계획해보는 것은 어떨까.
박차정의사 생가,동래구,35.20194,129.09041,부산광역시 동래구 명륜로98번길 129-10,0515560527,"부모,아이,커플,친구,혼자",사계절,"역사,문화",도시,박차정의사 생가는 동래구 낙민역에서 안내 표지판을 따라 걸음을 옮기기만 하면 쉽게 만날 수 있다. 주택가 골목 사이에 펄럭이는 태극기와 함께 소담한 생가가 자리하고 있다. 박차정의사는 동래일신여학교에서 항일 학생운동을 주도하였고 이후 중국으로 망명해 의열단의 핵심단원으로 활동하며 죽을 때까지 민족과 여성의 해방을 외쳤다. 오늘의 평화를 선물해주신 독립운동가 분들께 잠시나마 감사한 마음을 새겨보는 것도 좋겠다.
기장멸치축제,기장군,35.22337,129.23056,부산 기장군 기장읍 대변리 444-20 대변항 일대,0517214063,"가족,부모,아이,커플,친구",봄,축제,바다,"풍요로운 기장 앞바다의 맛을 맘껏 즐기려면? 기장멸치의 신선함을 있는 그대로 보여주는 기장멸치축제로 가면 된다. 봄이 되면 오동통통 살이 올라 씹는 맛이 일품인 기장멸치를 새콤달콤 입맛 돋우는 회무침으로도, 튀김옷 얇게 입힌 고소한 튀김으로도, 된장과 시래기 넣고 끓인 구수한 찌개로도 맛 볼 수 있다. 기장멸치축제의 인기 프로그램 맨손활어잡기 도전도 하고 공연의 압권인 플라잉보드 쇼도 보며 시간 가는 줄 모른다. 깜짝 경매에 참가해 기장멸치를 저렴한 가격으로 구입할 수도 있다. **축제 연기 안내** 신종 코로나바이러스(코로나19) 감염 확산 방지를 위해 기장 멸치 축제는 연기되었음을 알려드립니다.(재개 시 별도 안내)"
부산시청자미디어센터,해운대구,35.17255,129.13021,부산광역시 해운대구 센텀중앙로 42,0517499500,"부모,아이,커플,친구,혼자",사계절,"문화,체험",도시,"부산시청자미디어센터의 정회원이라면 누구나 1인 미디어의 꿈을 펼칠 수 있다. 방송제작에 필요한 교육부터, 영상장비 대여, 편집실과 녹음실 이용이 모두 무료이다. 학생들을 위한 맞춤형 스튜디오 체험프로그램도 정기적으로 운영한다. 미디어 놀이터 부산시청자미디어센터에서 잠재된 상상력을 마음껏 펼쳐보자. ** 코로나19의 여파로 시청자미디어센터는 이용제한이 있을 수 있으니 사전에 홈페이지 안내사항을 꼭 확인해 주세요."
해운대시장,해운대구,35.16165,129.16211,부산 해운대구 구남로41번길 22-1,0517463001,"가족,부모,아이,커플,친구,혼자",사계절,쇼핑,도시,"해운대 해수욕장과 5분 거리에 위치한 해운대시장은 다양한 먹거리와 볼거리로 항상 북적인다. 전국적으로 유명세를 탄 떡볶이, 튀김, 칼국수, 꽈배기, 돼지국밥 등의 가게 앞에는 기다리는 사람들로 인산인해를 이룬다. 각종 부식거리를 비롯하여 활어회, 곰장어구이 등도 성업 중이라 말 그대로 골라먹는 천국이다. 구경거리 많은 재래시장 돌아보며 인심 좋은 주인장 만나 덤 하나 얻어오는 행운도 누릴 수 있다."
조선통신사역사관,동구,35.13575,129.06203,부산광역시 동구 자성로99,0516310858,"가족,아이,커플,친구,혼자",사계절,"역사,문화",도시,조선통신사역사관은 한일 양국의 평화를 위해 조선에서 일본으로 파견된 대규모 국가사절단인 조선통신사의 행적을 재미있게 알려주는 탐방 공간이다. 이와 더불어 매년 5월 광복로 일원에서는 한?일 양국이 참가하는 통신사 행렬 재현 조선통신사축제가 열린다. ** 코로나19의 여파로 조선통신사역사관은 이용제한이 있을 수 있으니 사전에 홈페이지 안내사항을 꼭 확인해 주세요.
최민식갤러리,서구,35.09833,129.01472,부산광역시 서구 천마산로410,0512404496,"부모,아이,커플,친구,혼자",사계절,"역사,문화",도시,1960~70년대 부산 자갈치시장을 주무대로 활동했던 다큐멘터리 사진작가 최민식 선생의 갤러리가 아미문화학습관 2층에 자리하고 있다. 가난한 피란민의 고단한 생활상을 연출 없이 그대로 카메라 앵글에 담아냈다. 사진기 하나 달랑 들고 주로 낮은 곳으로만 향했던 작가의 작품에는 ‘인간’에 대한 위로가 가득하다. 최민식 작가는 ‘감정 없이는 카메라를 들 수 없다’고 하였다. 소외된 소시민의 밝은 미소를 보며 그 역시 가슴이 뭉클했으리라.
아미산 전망대,사하구,35.05272,128.96075,부산광역시 사하구 다대낙조2길 77,0512656863,"가족,부모,아이,커플,친구,혼자",사계절,자연,바다,"영남지방 전역을 시원하게 관통하는 낙동강, 그 끝자락이 남해와 만나 바다가 되기 직전 강줄기 따라 실려 온 모래는 거대한 삼각주가 되어 비옥한 땅을 이룬다. 풍부한 먹이와 깨끗한 수질로 수많은 철새들의 삶의 터전이 되는 낙동강 하류. 강과 바다가 만나 이루는 환상적인 분위기를 느끼고 싶다면 아미산전망대로 가보자."
송도해수욕장,서구,35.07595,129.01694,부산광역시 서구 송도해변로 100,0512310252,"가족,부모,아이,커플,친구,혼자",사계절,자연,바다,"나이 지긋한 어르신의 추억 속 해수욕장이 젊은이들의 핫플로 다시 태어났다면? SNS를 뜨겁게 달구며 너도나도 업로드 경쟁중인 장소의 주인공 송도해수욕장으로 간다. 송도해수욕장은 1913년에 개장한 우리나라 1호 해수욕장으로 개장 100주년을 넘어선 해수욕장이다. 1960~70년대 최고의 전성기를 누렸으나 80년대에 들어서면서 아무도 찾지 않는 쓸쓸한 해수욕장이 되어버렸다. 하지만 천혜의 자연환경을 가진 송도해수욕장의 훼손을 안타까워하는 마음이 모여 지속적인 정비가 이루어졌고, 그 결과 예전보다 더 아름다운 해수욕장으로 변모하였다. 깨끗한 모래사장과 맑은 수질, 구름산책로, 해상케이블카를 가진 송도해수욕장은 이제 연간 500만이 넘는 관광객이 찾는 명소가 되었다."
태종대,영도구,35.05264,129.08781,부산광역시 영도구 전망로 24,0514058745,혼자,"봄,여름,가을","자연,공원,걷기","바다,산",초록으로 우거진 싱그러운 숲길을 거닐며 푸른 바다를 한눈에 바라볼 수 있는 곳. 오랜 세월 파도에 깎여 각양각색의 신비를 가지게 된 바위해안이 그 수려함을 자랑하는 곳. 부산 영도 남쪽 끝에 자리하고 있는 태종대의 이야기다. 태종대는 신라의 태종무열왕이 이곳의 경치에 반해 활쏘기를 즐기며 쉬어갔다 하여 유래된 이름이라 한다. 짙푸른 바다에 둘러싸인 기암괴석과 우거진 녹음이 반가운 인사를 건네는 태종대는 빠지지 않는 전국 여행코스 중 하나다.
다대포해수욕장,사하구,35.04652,128.96283,부산광역시 사하구 몰운대1길 14,0512204127,"가족,부모,아이,커플,친구,혼자","봄,가을",자연,바다,"낙동강과 남해안이 만나 양질의 모래밭을 만든 곳, 일출과 일몰 조망지로 부산 최고인 곳, 다대포해수욕장은 자연이 주는 황홀경을 맘껏 즐길 수 있는 기분 좋은 장소이다."
광안리해수욕장,수영구,35.15318,129.11887,부산광역시 수영구 광안해변로 219,0516224251,"아이,커플,친구,혼자",사계절,"자연,문화,체험",바다,"광안대교라는 랜드마크와 함께 부산을 대표하는 해수욕장 중 하나로 꼽히는 광안리 해수욕장. 도심과 가장 가까운 해변이자 부산 젊은이들의 성지라 할 수 있다. 전국에서 모여드는 이들의 입맛을 모두 충족시킬 수 있는 다양한 맛집의 향연, 바다가 보이는 카페, 골목 곳곳에 위치한 이색 공간, 봄이면 온 거리를 분홍빛으로 물들이는 남천동 벚꽃거리까지. 새하얀 백사장과 푸르른 바다 말고도, 광안리가 간직한 매력은 무궁무진하다."
송정해수욕장,해운대구,35.17862,129.19943,부산광역시 해운대구 송정해변로 62,0517497612,"친구,혼자",가을,자연,바다,"해운대를 지나 달맞이길 따라 돌아 내려오면 넓고 길게 펼쳐진 백사장이 보인다. 그곳이 바로 서퍼들이 사랑하는 바다, 송정해수욕장이다. 해운대, 광안리와 더불어 부산 동부의 3대 해수욕장으로 손꼽히는 송정해수욕장은 수심이 낮고 경사가 완만하여 가족단위 피서지로 인기가 높다. 최근 들어서는 사계절 내내 서퍼들이 몰려드는 서핑의 성지로 각광받고 있다. 동해와 남해가 맞닿아 있는 위치 덕분에 북풍과 남풍의 영향을 동시에 받는데, 이는 사시사철 높은 파도가 끊임없이 들어오는 좋은 조건을 만들어준다. 낮은 수심 덕분에 서핑 입문자들에게는 더 없이 좋은 장소이다. 해수욕장을 둘러싸고 다양한 서핑 숍이 성업 중이다. 서핑 숍에서는 초급부터 고급까지 단계적으로 배울 수 있다."
오륙도,남구,35.10217,129.12334,부산광역시 남구 오륙도로 137,0516076395,"커플,친구,혼자","봄,여름,가을","자연,공원",바다,"동해와 남해가 만나는 에메랄드 빛 바다. 눈부시게 푸른 양탄자 위 5개의 섬, 때로는 6개의 섬. 오륙도 앞바다는 방문객들의 마음을 설레게 하기에 부족함이 없다. 부산에 속한 다양한 섬들 가운데서도 아름답기로 손꼽히는 오륙도는 남구 용호동에 속한 바위섬이다. 8천만 년 전, 화산활동으로 만들어진 암석이라는 지질학적 가치를 인정받아 부산국가지질공원으로 지정되었다. 더불어 보호대상 해양생물이 살고 있는 해양보호구역이자 국가지정문화재이기도 하다."
암남공원,서구,35.05881,129.01566,부산 서구 암남공원로 185,0512404538,"커플,친구,혼자",사계절,"자연,걷기","바다,도시","소나무 숲 사이로 보이는 남해 바다. 그 위로 비치는 햇빛. 반짝이는 물결 사이로 떠 있는 배들의 모습. 여행자의 마음에 여유를 선물하는 아름다운 곳, 암남반도 남쪽 끝자락에 위치한 암남공원이 그곳이다."
청사포,해운대구,35.16021,129.19138,부산광역시  해운대구 청사포로128번길 25,0517494000,"가족,부모,아이,커플,친구,혼자",사계절,자연,바다,"분명히 부산 시내에 있지만 멀리 떨어진 어촌마을로 온 듯한 기분을 선사해주는 청사포 그 소박한 풍경 속으로 떠난다. 청사포의 ‘청사’는 ‘푸른 모래’ 라는 뜻이다. 이름만 들어도 왠지 설레고 청량한 느낌이 드는 예쁜 이름의 청사포. 도시철도 장산역에서 언덕을 넘어 골목길을 따라 내려오면 청사포 입구 교차로가 보이고, 그 너머로 작은 어촌 마을 청사포가 모습을 드러낸다. 언덕을 넘는 순간 내려다보이는 청사포의 아름다운 모습에 눈을 뗄 수 없다."
황령산 전망쉼터,남구,35.18115,129.08269,부산 남구 황령산로 391-39,07075427080,"커플,친구,혼자",사계절,자연,산,"부산의 4개 구에 걸쳐 자리한 황령산, 도심을 감싸며 시원하게 뻗어 내린 산맥이 초록의 울창한 숲을 선물처럼 내어준다. 숲길 걷기 좋아하는 등산객들에겐 숲과 바람과 하늘을 내어주고, 야경을 즐기는 관광객들에겐 황홀한 빛의 세계를 선사해 주는 곳, 황령산 전망쉼터를 소개한다. 황령산 전망대의 일몰은 충분히 기다릴 가치가 있다. 주변이 어둑어둑해지면 하늘이 붉게 물들고 도시는 황금빛으로 물들기 시작한다. 낭만이 가득한 사랑스러운 도시 부산을 만날 수 있는 시간.  흔들의자에 앉아 눈부신 황혼을 바라만 보아도 그 순간은 힐링이다. 매직아워가 사라지면 도시는 일제히 불을 밝힌다. 저마다 뽐내는 화려한 조명에 눈이 행복해지는 순간이다. 까만 밤바다와 어우러진 형형색색의 조명이 부산의 밤을 더욱 아름답게 수놓는다. 부산의 바다와 도시가 어우러져 놀라운 파노라마를 선물하는 곳. 황령산 전망쉼터는 여행자에게 낮과 밤의 각기 다른 설렘을 담아보라 말한다."
가덕도 연대봉,강서구,35.02687,128.83395,부산광역시 강서구 천성동,0519704062,"아이,커플,친구,혼자",사계절,"자연,걷기","바다,산","예로부터 더덕이 많이 나서 붙여졌다는 이름 가덕도는 부산에 속한 섬 중 가장 큰 섬이지만 서쪽 제일 끝에 위치해 있어 일부 사람들에게는 낯선 곳이기도 했다. 하지만 가덕도는 신석기 시대부터 사람이 살았던 것으로 추정되고, 역사적으로 임진왜란과 일제강점기까지 일본과 기나긴 악연을 가진 섬이기도 하다. 연대봉은 섬의 가장 높은 곳에서 사연 많은 가덕도의 역사를 오늘날까지 꿋꿋이 품어주고 있다."
백양산,부산진구,35.18282,129.02196,부산광역시 부산진구 당감동,0516054000,"아이,커플,친구,혼자","봄,여름,가을","자연,걷기",산,"부산의 사상구, 북구, 부산진구를 아우르는 백양산은 부산의 많은 산들 중 유독 등산객들이 사랑하는 곳이다. 어디를 가도 코스가 잘 정비돼 있어 등산뿐만 아니라 산악자전거나 산악오토바이를 즐기는 이들에게도 인기다. 크게는 어린이대공원 입구를 시작으로 성지곡수원지를 지나 정상으로 올라가는 코스와 선암사에서 출발해 정상으로 가는 코스가 대표적이다."
성지곡수원지,부산진구,35.18706,129.04015,부산 부산진구 새싹로 295,0518607848,"친구,혼자","봄,여름,가을","자연,공원,걷기",산,"울창한 나무숲, 고즈넉한 호수, 그리고 피톤치드 가득한 산책로까지. 부산 어린이대공원 안에 위치한 성지곡수원지는 부산 시민이라면 누구나 추억 한 자락 간직하지 않은 이가 없을 정도로 예전부터 시민들의 사랑을 받아왔다. 고요한 수원지 주변은 누구에게나 마음의 평온을 주는 종합선물세트 같은 장소다."
승학산 억새평원,사하구,35.11664,128.97968,부산광역시 사하구 당리동 산 45-1,0512204536,"부모,아이,커플,친구,혼자",사계절,"자연,걷기",산,가을이 되면 하얀 억새군락이 멋진 장관을 연출하는 승학산은 가을 트레킹의 필수 코스 중 하나다. 능선을 따라 드넓게 펼쳐진 승학산의 초원에는 햇빛을 받아 황금빛으로 하늘거리는 억새풀이 가득하다. 가을의 정취를 한층 더해주는 승학산의 억새를 찾아 즐거운 마음으로 트레킹에 나선다.
아홉산 숲,기장군,35.27833,129.17046,부산광역시 기장군 철마면 미동길 37-1,0517219183,"아이,커플,친구,혼자","봄,여름,가을","자연,걷기",산,"일제강점기, 해방과 전쟁을 지나 산업화를 거치면서도 개방되지 않았던 자연 본연의 모습을 간직한 숲.400년 간 세상에 공개되지 않았던 이곳, 부산 기장군에 위치한 아홉산숲이 그 주인공이다. 아홉산숲의 아홉산은 아홉 골짜기를 품고 있다는 뜻의 순 우리말이 남아있는 이름이다."
일광해수욕장,기장군,35.26002,129.23361,부산광역시 기장군 일광면 삼성3길 17,0517094000,"부모,아이,커플,친구,혼자","봄,여름,가을",자연,바다,"부산시민이 사랑하는 바다, 일광해수욕장. 역사적으로 기장 8경 중 하나로 꼽힐 만큼 아름다운 일광해수욕장은 과거에 해안선을 따라 노송 숲이 있었다고 전해지는데 고려시대부터 정몽주를 비롯한 인사들이 유람했던 절경 중 하나였다고 한다. 일광해수욕장이 위치하고 있는 일광면 삼성리의 이름은 삼성대(三聖臺)에서 유래되었다. 삼성대는 ‘샘섟대’라는 옛말에서 비롯되었다고 전해지는데, 샘은 약수샘, 섟은 배를 매어두는 곳을 말한다고 한다. 현재는 백사장의 가운데 둔덕을 가리켜 삼성대라고 부른다."
임랑해수욕장,기장군,35.31905,129.26451,부산광역시 기장군 장안읍 갑골길,0517094000,"아이,커플,친구,혼자","봄,여름,가을",자연,바다,"여름하면 바다, 바다하면 부산이지만 아직까지 타지인들에게는 많이 알려지지 않은 해수욕장이 있다. 부산 시민이 사랑하는, 기장군의 양대 해수욕장 중 하나인 임랑해수욕장이 그 주인공이다. 입에 머무르는 느낌마저 따뜻한 ‘임랑’이라는 이름은 아름다운 송림(松林)과 달빛에 반짝이는 은빛 파랑(波浪)의 두 글자에서 유래되었다. 임랑해수욕장의 백사장은 1km 이상 이어지며 바다를 감싸고 있는데 그 색이 매우 밝은 게 특징이다.  이곳을 처음 방문하는 이들이라면 첫눈에 하얀 백사장에 반하고 말 것이다."
봉래산,영도구,35.08219,129.05524,부산광역시 영도구 신선동3가 산3,0514194041,"가족,커플,친구,혼자",사게절,"자연,걷기",산,"봉황이 내려온다는 산 이름이 너무 거창하다고? 봉래산에 올라 마침내 그 풍광을 가지는 순간 이름에 대한 의구심은 사라진다. 울퉁불퉁 바위 사이 가파른 경사를 오르기도 하고, 스멀스멀 물안개를 헤치며 둘레길을 걷기도 한다. 조내기 고구마가 영도의 특산물임을 알려주는 역사공원에도 한번 들러본다. 산허리에 걸린 구름을 지나쳐 투덜투덜 정상에 오르면 과연 여기에 봉황이 노닐었겠구나 싶은 전경이 펼쳐진다. 쉴 새 없이 삐죽거리던 입이 쏙 들어간다. 어느 방향이든 드넓은 바다 조망과 도심 전경을 동시에 선사하는 봉래산 정상에 참 잘 왔다."
회동수원지,금정구,35.25905,129.11096,부산광역시 금정구 수원지로,0515194081,"커플,친구,혼자","봄,여름,가을","자연,걷기",산,"회동수원지는 면적이 큰 만큼 강과 호수, 숲이 어우러진 명품 산책로를 간직하고 있다. 사람들의 발길이 오랜 시간 머물지 않아 자연 그대로를 담고 있는 곳으로 땅뫼산 황토숲길, 편백나무숲, 갈맷길 등 도심 속 숲길 산책을 즐기고 싶은 시민들의 힐링 명소로 사랑 받고 있다."
부산시민공원,부산진구,35.16841,129.05739,부산광역시 부산진구 시민공원로 73,0518506000,"가족,부모,아이,커플,친구,혼자",사계절,공원,도시,"군부대와 공원. 정반대에 놓여있는 느낌의 두 단어다. 하지만 군부대가 공원으로 다시 태어난 곳이 있으니, 바로 부산시민공원이다. 광복 후 미군 하야리아 부대로 이 땅이 불린지 70여 년 만에 부산시민의 따뜻한 쉼터로 돌아온 부산시민공원을 둘러본다."
용두산공원,중구,35.10072,129.03264,부산광역시 중구 용두산길 37-55,0518607820,"부모,아이,커플,친구,혼자",사계절,"문화,공원",도시,"용두산공원이 거기 있기 때문에 부산으로 간다? 맞다. 요즘은 용두산공원이 부산여행의 이유가 되었다. 부산 동부권역에 명소 해운대가 있다면 중부권에는 역시 남포동이 최고의 핫플레이스, 그 중 용두산공원은 부산을 찾는 이들이 빼놓지 않고 찾는 부산 대표 랜드마크다."
민락수변공원,수영구,35.15591,129.13435,부산 수영구 광안해변로 361,0517517979,"아이,커플,친구,혼자","봄,여름,가을","자연,공원",바다,"바다에서 불어오는 바람을 가장 먼저 맞는 곳. 마린시티와 광안대교의 야경을 가장 가까운 곳에서 만나는 곳. 여름이면 남녀노소가 모이는 휴식처, 민락수변공원이다. 1997년 개장한 민락수변공원은 마린시티와 광안대교가 생기기 이전부터 부산시민들의 휴식처로 사랑받아왔다. 푸른 하늘과 끝없는 바다가 한눈에 펼쳐지는 풍경은 주변의 환경이 여러 번 바뀌는 동안에도 그 자리를 굳건히 지켜왔다."
APEC나루공원,해운대구,35.17031,129.12564,부산광역시 해운대구 수영강변대로 93,0517494000,"커플,친구,혼자","봄,여름,가을","자연,공원",기타,"변화 없는 일상이 지루할 때, 혹은 변화무쌍한 매일이 지칠 때. 책 한권 달랑 들고 조용한 APEC나루공원으로 간다. 수영강변 따라 뻗어 있는 도심 속 작은 공원이지만 책을 읽을 수 있는 테이블도 있고, 산책로, 조깅코스, 조각공원까지 갖춘 내실탄탄한 공원이다. 나무그늘 아래 한 자리, 강바람 느끼며 책장을 넘길 수 있는 여유를 맘껏 즐긴다. 독서가 체질이 아닌가? 그럼 살랑살랑 산책은 어떨까. 따릉따릉 자전거 타고 공원을 누비는 것도 이곳에서 찾을 수 있는 평화로운 광경이다. 부산 도심 속 소확행은 APEC나루공원에서 이루어진다."
어린이대공원,부산진구,35.18499,129.04153,부산광역시 부산진구 새싹로 295,0518607848,"아이,커플,친구,혼자",사계절,"자연,공원","산,도시","아이와 함께라면? 일단 어린이대공원으로 가자. 부산 어린이대공원이 아름다운 순환산책로의 탄생과 함께 가족 방문객들의 최애 장소로 변모했다. 어린이회관에 이르는 길은 오르막이긴 하지만 어린이 놀이터를 비롯해 볼거리, 놀거리가 많아 동심은 끊임없이 즐겁다. 우거진 숲속엔 꼬마 아이들도 쉽게 걸을 수 있는 산책로가 있고, 나무 사이사이 피크닉을 즐길 수 있는 야외테이블도 자리한다. 계곡 따라 흐르는 시원한 물소리 들으며 가족과 함께 자연이 전해주는 치유의 시간을 즐겨보자."
송상현광장,부산진구,35.16639,129.06595,부산광역시 부산진구 중앙대로 818,0518506081,"부모,아이,커플,친구,혼자",사계절,"문화,공원",도시,"도심 한가운데 아름다운 숲과 실개천을 간직한 송상현광장, 산들바람 부는 날에 메타세쿼이아 나무 아래에서 나만의 여유를 즐기기에 안성맞춤인 곳이다. 카페와 야외공연장 등 편의시설도 갖추고 있어서 다양한 이벤트와 공연을 관람할 수 있는 곳, 송상현광장은 시민을 위한 부산 최대 규모의 도심광장이다."
금강공원&식물원,동래구,35.22047,129.07494,부산 동래구 우장춘로 155,0518607880,"커플,친구,혼자","봄,여름,가을","자연,공원,걷기",산,"부산시민공원이 생기기 전, 부산에서 가장 유명한 공원은 바로 이곳이었다. 모든 부산 사람의 기억에 자리 잡고 있는 금강공원과 금강식물원이다. 일본 상인이 금정산자락의 일부를 자신의 개인 정원으로 꾸며 만든 이곳이 광복 후 공원으로 지정되면서 ‘금강공원’이라는 이름을 갖게 됐다. ‘금강’이라는 이름은 금정산의 수려함이 금강산에 버금간다 하여 ‘소금강’이라고 불렸는데, 여기서 따온 이름이다."
구포어린이교통공원,북구,35.20086,129.00081,부산광역시 북구 낙동북로 687,0513094805,"가족,아이","봄,여름,가을","공원,체험",도시,"교통안전교육도 받고 신나게 뛰어놀 수도 있는 곳, 어린이들의 천국, 구포어린이교통공원을 소개한다. 어린이들의 교통안전 조기교육을 목적으로 현장중심의 체계적인 교육프로그램을 운영하는 곳이다. 실내 교통안전교육과 연계하여 실외 교통안전관련 체험프로그램이 인기다. 단체관람 외 개별이용자는 토요일에 예약 없이 자유 관람이 가능하다. ** 코로나19의 여파로 구포어린이교통공원은 이용제한이 있을 수 있으니 사전에 홈페이지 안내사항을 꼭 확인해 주세요."
대신공원,서구,35.12181,129.01564,부산광역시 서구 대신공원로 37-18,0518607830,"부모,아이,커플,친구,혼자",사계절,"공원,걷기",산,"수령 높은 노목들이 오색찬란하게 빛을 발하는 도심 속 휴식 공간 대신공원은 대한민국 아름다운 숲 대회에서 누리상을 수상한 숲이기도 하다. 그만큼 울창한 숲과 맑은 계곡을 지닌 자연 그대로의 힐링 쉼터이다. 계곡물에 발 담그고 찰방찰방하는 사람들 구경하며 산책을 이어간다. 입구에서 멀지 않은 곳에 자리한 빽빽한 편백림은 건강한 기운을 마구마구 뿜어낸다. 기분이 꽤 상쾌하다. 구덕저수지를 따라 드리워진 나무 아래 정겨운 벤치가 어서 앉아보라 손짓 하고, 저수지에 반영된 또 하나의 풍경은 한 폭의 그림이 된다."
삼정더파크,부산진구,35.18394,129.04298,부산광역시 부산진구 새싹로 295-1,0518118800,"가족,부모,아이,커플,친구,혼자",사계절,공원,도시,"동물을 좋아하는 친구들 모두 모여라! 걸어 다니며 사파리체험을 할 수 있는 삼정더파크로 간다. 도심 속 사파리 삼정더파크, 다양한 종류의 동물을 보다 가까이에서 만날 수 있는 곳이다. 보기만 하는 동물은 이제 그만. 동물 먹이체험은 물론 다채로운 공연과 퍼레이드는 동물과 관람객이 어우러져 하나가 되는 특별한 경험을 선사한다. 동물원 곳곳 종류도 다양한 신나는 놀이터도 그냥 지나치면 서운하다. 아이들 손잡고 신비로운 동물의 세계로 모험을 떠나보자."
수영사적공원,수영구,35.17096,129.11431,부산광역시 수영구 수영성로 43,0516104372,"커플,친구,혼자","봄,여름,가을","역사,공원",도시,조선시대 남해안 수군지휘부 경상좌도수군절도사영이 있던 자리가 현재의 수영사적공원이다. 수군절도사영의 줄임말 ‘수영’이 현재의 지명으로 그대로 굳어졌다고 한다. 역사적 상징성을 가진 유적공원이지만 시민들의 가벼운 산책공간으로 더 친근하다. 나무가 우거진 시원한 오솔길은 도심 속 힐링 장소로 손색이 없다. 놀이마당에서는 수영야류 등 무형문화재 공연이 정기적으로 열린다.
화명수목원,북구,35.25257,129.04205,부산광역시 북구 산성로 299,0513620261,"부모,아이,커플,친구,혼자",사계절,"공원,걷기",산,"부산의 명산 금정산 자락에 사뿐히 내려앉은 화명수목원. 계곡을 채워 흐르는 시원한 물줄기와 산내음 가득한 바람이 기분 좋은 하루를 만들어 주는 곳. 수목원 곳곳이 산책로이자 쉼터인 덕에 숲속을 여유롭게 즐기기만 하면 된다. 연못 위로 가로놓인 구름다리마저 자연이 되고, 침엽수와 활엽수는 물론 야생화와 아열대 식물까지 거대한 식물도감이 되어 눈앞에 펼쳐진다."
대룡마을,기장군,35.37117,129.26433,부산광역시 기장군 장안읍 대룡1길 17,0517278758,"가족,부모,아이,커플,친구,혼자",사계절,문화,도시,"바쁜 일상을 떠나 조용히 산책을 하고 싶은 날. 한적한 교외에 있는 대룡마을은 북적이는 도심에서 한 발 떨어져 여유와 낭만을 즐기기 딱 좋은 곳이다. 많은 문화 예술인들이 모여 예술을 꽃피우는 이곳에서는 톡톡 튀는 예술적 감각이 돋보이는 색다른 풍경을 만날 수 있다. 부산 기장에 자리 잡고 있는 대룡마을은 오랜 역사를 자랑한다. 마을 앞 개울에 큰 용이 살았다는 전설이 있어 이름 붙여진 대룡마을. 주민들이 벼농사, 채소재배 등으로 생업을 유지하다보니 발길 닿는 곳마다 잔잔한 목가적 풍경이 흐른다. 이 소박한 농촌마을에 대룡리 예술촌이 형성되면서 20~30대 젊은 예술가들이 모여 작품 활동을 하는 문화예술마을로 다시 탄생하였다."
한성1918 부산생활문화센터,중구,35.10178,129.03444,부산광역시 중구 백산길 13,0512578038,"가족,아이,커플,친구,혼자",사계절,"역사,문화",도시,중앙동 원도심 골목길을 걷다가 만나게 되는 한성1918은 한성은행 부산지점으로 1918년에 설립되어 40여 년간 은행업무를 보던 곳이었다. 근대 부산의 부흥기를 함께한 대표적인 금융권 건물이다. 구조보강 과정을 거쳐 2018년 4월 한성1918-부산생활문화센터로 새롭게 탄생하였다. 한성1918은 누구나 참여 가능한 생활문화 활동을 지원하는 복합공간으로서의 역할을 하고 있으며 길을 걷다 우연히 들러 책 한 권 읽는 여유를 즐길 수 있는 장소이기도 하다.
우장춘기념관,동래구,35.21354,129.07202,부산광역시 동래구 우장춘로62번길 7,0515506633,"부모,아이,커플,친구,혼자",사계절,"역사,문화",도시,"일본에서 나고 자란 농학자 우장춘 박사는 해방 후 한국정부의 초청으로 귀국한 뒤 일본에 의존할 수밖에 없었던 채소종자를 품종개량을 통해 국내 완전자급이 가능하도록 전력을 기울인 분이다. 아버지의 지난 과오에 속죄하는 마음으로 우리나라 땅에 맞는 작물을 연구, 개발하는데 헌신하였고 그 덕에 후손들은 맛있는 토종 작물을 먹을 수 있게 되었다. 오늘은 기념관에 들러 우장춘 박사께 존경의 마음을 전해보는 건 어떨까."
요산문학관,금정구,35.27258,129.08571,부산광역시 금정구 팔송로 60-6,0515151655,"가족,부모,아이,커플,친구,혼자",사계절,문화,도시,"요산문학관은 부산의 변방, 소외된 사람들의 삶을 소설로 고발한 요산 김정한 선생의 문학을 기리는 공간이자 지역민들을 위한 열린 문화 공간이다. 일제강점기와 한국전쟁을 지나며 권력에 빌붙어 불의를 일삼는 사람들을 향해 그의 소설 속 주인공은 ‘사람답게 살아가라’고 일침을 놓는다. 요산문학관에서 만나는 김정한 선생은 너그러운 웃음 가진 옆집 할아버지의 모습이지만, 민중을 선동하는 요주의 작가로 지목될 만큼 평생을 민족의식 고취에 남다른 의욕을 보였다. 전시관에는 선생의 육필원고와 직접 만든 한글카드, 소장도서 등이 전시되어 있다. ** 코로나19의 여파로 요산문학관은 이용제한이 있을 수 있으니 사전에 홈페이지 안내사항을 꼭 확인해 주세요."
국립수산과학관,기장군,35.19368,129.22423,부산광역시 기장군 기장읍 기장해안로 216,0517203061,"가족,부모,아이,혼자",사계절,문화,바다,전시관 입구에서부터 참고래 실물 뼈가 관람객을 놀라게 하는 국립수산과학관으로 가보자. 신비로운 푸른 바다 복도를 지나 신기하고 재미있는 바다 친구들이 어린이들을 기다린다. 선박을 조종하는 키를 잡은 손에서 미래 해양인의 꿈이 자란다. ** 코로나19의 여파로 국립수산과학관은 이용제한이 있을 수 있으니 사전에 홈페이지 안내사항을 꼭 확인해 주세요.
사상생활사박물관,사상구,35.17211,128.97871,부산광역시 사상구 낙동대로1258번길 36,0513105136,"가족,아이,커플,친구,혼자",사계절,문화,도시,"사상생활사박물관은 근대 부산경제의 중심지였던 사상지역과 그 생활사를 소개하고 주민 간 소통을 이어가기 위해 건립되었다. 상설전시관은 낙동강과 함께 세월을 지나온 사상의 옛 모습과 근대화 과정, 그로인한 어두운 이면, 그리고 공단지대의 환경오염을 극복해 가는 과정 등을 상세히 전시하고 있다. 문화마당터와 담소방은 특강이나 문화행사 뿐만 아니라 딱지치기, 고무신 날리기 등 추억을 공유할 수 있는 놀이를 즐길 수 있는 공간이다. ** 코로나19의 여파로 사상생활사박물관은 이용제한이 있을 수 있으니 사전에 홈페이지 안내사항을 꼭 확인해 주세요."
부산해양자연사박물관,동래구,35.22178,129.07591,부산광역시 동래구 우장춘로 175,0515534944,"가족,아이,커플,친구,혼자",사계절,문화,도시,"바닷속 신비함을 만날 수 있는 부산해양자연사박물관은 살아있는 해양의 보고다. 국제적으로 희귀한 자연사 자료 25,000여 점을 수집 및 전시하고 있다. 호기심 가득한 어린이들을 위한 최고의 체험관."
부산솔로몬로파크,북구,35.20078,129.00198,부산광역시 북구 낙동북로 755,0513304000,"가족,아이,커플,친구",사계절,"공원,체험",도시,재미없고 지루한 법은 이제 안녕. 법을 쉽게 배우고 재미있게 체험할 수 있는 솔로몬로파크로 가자. 솔로몬로파크는 법교육 테마공원으로 법놀이터와 법체험관으로 나누어 각각 다양한 체험과 연수프로그램을 운영한다. 딱딱한 법이 아닌 친근한 이웃 같은 법을 체득하는 공간이다. 법과 정의의 배움터 솔로몬로파크에서 법과 함께 신나게 놀아보자. ** 코로나19의 여파로 솔로몬로파크는 이용제한이 있을 수 있으니 사전에 홈페이지 안내사항을 꼭 확인해 주세요.
부산기상관측소,중구,35.10497,129.03218,부산광역시 중구 복병산길32번길 5-11,0517180200,"부모,아이,커플,친구,혼자",사계절,"역사,문화",도시,"살랑살랑 바람 불어 기분 좋은 날에는 부산기상관측소로 향해보자. 부산기상관측소는 1934년 당시 중구 일대에서 가장 높았던 복병산 자락으로 옮겨왔다. 이 건물은 일제강점기 근대건축물의 특징을 그대로 간직한 것으로 큰 바다로 나아가는 선박의 모양을 본 따 지어진 것이라 한다. 세계기상기구(WMO)에서 선정한 ‘100년 관측소’이다. 용두산 공원과 부산타워, 멀리는 남항대교까지 조망할 수 있는 기상전망대도 놓치지 말자."
황령산 전망쉼터,남구,35.158115,129.08269,부산 남구 황령산로 391-39,07075427080,"커플,친구,혼자",사계절,자연,산,"부산의 4개 구에 걸쳐 자리한 황령산, 도심을 감싸며 시원하게 뻗어 내린 산맥이 초록의 울창한 숲을 선물처럼 내어준다. 숲길 걷기 좋아하는 등산객들에겐 숲과 바람과 하늘을 내어주고, 야경을 즐기는 관광객들에겐 황홀한 빛의 세계를 선사해 주는 곳, 황령산 전망쉼터를 소개한다."
영도다리,영도구,35.095295,129.03656,부산광역시 영도구 태종로 46,16708114,"부모,아이,커플,친구,혼자",사계절,"역사,문화",도시,영도다리 난간에 수없이 펄럭이던 저마다의 사연은 사라진지 오래되었지만 아직도 그 시절을 떠올리면 눈가가 젖어오는 사람들. 전쟁통에 가족과 생이별할 때 무조건 살아남아 영도다리에서 꼭 만나자고 눈물로 약속했던 공간. 영도대교라고 쓰고 영도다리라고 읽는다.
보수동책방골목,중구,35.103367,129.02663,부산광역시 중구 책방골목길 16,0512538253,"가족,커플,친구,혼자",사계절,문화,도시,보수동책방골목은 입구 풍경부터 예스러움이 가득 묻어난다. 간판의 글씨체며 켜켜이 쌓여있는 책들이 지나온 세월을 보여준다. 자동화된 차가운 기계의 감촉이 모든 것을 지배하는 이 디지털 시대에 한줄기 따뜻한 아날로그 감성을 전해주는 듯하다.
부산근대역사관,중구,35.10266,129.03114,부산 중구 대청로 104,0512533845,"가족,아이,커플,친구,혼자",사계절,"역사,문화",도시,부산의 근대거리 전시관은 일제강점기의 대청동 거리를 재현해 놓은 곳이다. 당시 부산상권의 중심지가 어떠했는지를 보여주는 가게들이 즐비하다. 부산 시내를 달리던 전차 모형도 설치되어 있어 마치 당시로 돌아간 듯 생생함을 느낄 수 있다. 색다른 부산 나들이를 원한다면 근대사의 흔적이 고스란히 녹아든 부산근대역사관을 방문해보는 것은 어떨까.
범어사,금정구,35.283646,129.06854,부산광역시 금정구 범어사로 250,0515083122,"가족,부모,아이,커플,친구,혼자",사계절,문화,산,조용한 산길을 따라 자리 잡은 아름다운 사찰 범어사. 쉼표가 필요한 이들에게 부처님의 인자한 모습으로 여유와 휴식을 전해준다.
렛츠런파크 부산경남,강서구,35.080727,128.95694,부산광역시 사하구 장림로93번길 72,15663333,"가족,부모,아이,커플,친구,혼자",사계절,공원,도시,"한 장소에서 생동감과 편안함을 모두 느낄 수 있는 곳이 그렇게 흔하지는 않다. 답답하고 무기력한 일상 속에서 반전과 휴식이 필요하다면, 렛츠런파크 부산경남으로 떠나보자."
문화공감 수정,동구,35.125793,129.04265,부산광역시 동구 홍곡로 75,0514410004,"가족,커플,친구,혼자",사계절,"역사,문화",도시,"부산이 간직한 근현대 역사, 동구는 그 씨앗이 퍼져 이야기꽃을 피운 동네다. 그 이야기를 담고 있는 길을 따라가다 보면 ‘문화공감 수정’을 만날 수 있다."
구 백제병원,동구,35.116383,129.03917,부산광역시 동구 중앙대로209번길 16,0514404811,"가족,커플,친구,혼자",사계절,"역사,문화",도시,"부산원도심 이바구길 시작점에 서 있는 붉은 벽돌색 건물 하나. 부산최초의 근대식 종합병원이었던 구 백제병원이다. 1922년 개원하여 당시 최고의 병원으로 유명세를 탔으나 1932년 폐업 이후 중국요리점, 일본군 장교숙소, 부산치안사령부 등을 거치며 굴곡진 부산의 역사와 함께 그 세월을 고스란히 견뎌왔다."
초량1941,동구,35.125793,129.04265,부산광역시 동구 망양로 533-5,0514627774,"가족,커플,친구,혼자",사계절,"역사,문화",도시,"걷기 좋은 오후, 근대의 향기를 느낄 수 있는 일본식가옥에서 감성적인 카페 투어를 하고 싶다면 '문화공감 수정'과 '초량1941'을 추천한다."
가덕도,강서구,35.022896,128.8172,부산광역시 강서구 가덕해안로 21,0519704062,"커플,친구,혼자",사계절,"자연,역사,걷기","바다,산","그림 속 풍경처럼 눈이 시린 푸른 바다, 천혜의 자연경관, 그러나 아물지 않은 전쟁의 기억. 여기는 가덕도다."
가덕도 연대봉,강서구,35.026875,128.83395,부산광역시 강서구 천성동,0519704062,"아이,커플,친구,혼자",사계절,"자연,걷기","바다,산","산과 바다의 정취를 동시에 느낄 수 있는 가덕도 연대봉, 알고 보니 도심에서 그리 먼 곳이 아니었다. 도시철도 하단역에서 1시간 30분 정도면 도착할 수 있는 곳, 미처 몰랐던 부산의 한 조각을 찾으러 가볍게 떠나보자."
임시수도기념관,서구,35.103527,129.01735,부산광역시 서구 임시수도기념로 45,0512446345,"가족,아이,커플,친구,혼자",사계절,"역사,문화",도시,뼈아픈 전쟁의 소용돌이 속에서 피란길에 올라야 했던 대한민국 정부와 그 국민. 그들의 숨결이 생생하게 남아있는 임시수도기념관에서 역사의 한 페이지를 들여다보는 것은 어떨까.
동아대석당박물관,서구,35.10497,129.01926,부산광역시 서구 구덕로 225,0512008493,"가족,아이,커플,친구,혼자",사계절,"역사,문화",도시,"선사시대부터 근대에 이르기까지, 다른 어떤 박물관보다 전시 스펙트럼이 넓은 석당박물관. 부산이 간직한 역사, 나아가 대한민국이 간직한 유구한 문화를 만나보기에 더없이 좋은 장소다."
국립부산과학관,기장군,35.20468,129.2127,부산광역시 기장군 기장읍 동부산관광6로 59,0517502300,"가족,부모,아이",사계절,체험,기타,"상설전시관 외에도 다양한 주제로 만나볼 수 있는 기획전시와 교육프로그램도 있어 늘 새로운 이 곳. 어린이에게는 더 큰 상상력을, 어른에게는 동심을 떠올리게 해주는 과학의 배, 국립부산과학관에 타 보자."
복천박물관,동래구,35.208885,129.09116,부산광역시 동래구 복천로 63,0515544263,"부모,아이,커플,친구,혼자",사계절,"역사,문화",도시,"복천동의 오래된 주택가 재개발 지역에서 그보다 훨씬 더 오래된 가야시대 무덤 40기가 발견되었다. 도굴의 흔적이 없는 완벽한 가야 왕국의 고분으로 금동관, 토기, 갑옷, 투구 등 수많은 유물이 출토되었다. 가야의 뛰어난 철기문화를 알려주는 유물과 다양한 무덤의 형태가 복천박물관에 전시되어 있다."
뮤지엄다,해운대구,35.171303,129.12901,부산광역시 해운대구 센텀서로 20,0517313302,"가족,부모,아이,커플,친구,혼자",사계절,문화,기타,"미술관하면 ‘정숙’이라는 단어가 먼저 떠오를지도 모르겠다. 하지만 이 미술관에서는 전시장 바닥에 핀 형형색색의 꽃 위로 껑충껑충 뛰어다니는 아이들이다. 일방적으로 보는 미술관이 아닌 내가 곧 미술작품이 되는 곳, 미디어 미술관 뮤지엄다로 가보자."
F1963,수영구,35.17693,129.11493,부산광역시 수영구 구락로123번길 20,0517561963,"가족,부모,아이,커플,친구,혼자",사계절,문화,도시,"F1963은 다양한 볼거리와 즐길거리가 있고, 자연과 더불어 전시, 공연까지 한 곳에서 향유할 수 있는 복합문화공간이다. 큰 규모의 중고서점, 분위기 있는 카페와 레스토랑, 갤러리, 허브가든, 대나무 숲길이 도심의 일상을 즐겁게 해준다."
중앙공원,중구,35.112125,129.02792,부산광역시 서구 망양로 193번길 187,0518607800,"부모,아이,커플,친구,혼자",사계절,"자연,공원","산,도시","혼란스러운 역사의 중심에서 나라를 구하기 위해, 또 민주주의를 수호하기 위해, 끊임없이 저항한 위대한 부산시민의 넋. 호국용사와 민주영령의 살아있는 정신이 고스란히 전해지는 이곳은 중앙공원?민주공원이다."
백양산,부산진구,35.182827,129.02196,부산광역시 부산진구 당감동,0516054000,"아이,커플,친구,혼자","봄,여름,가을","자연,걷기",산,산을 좋아하는 이들이 더욱 사랑하는 백양산. 부산에서 만날 수 있는 아름다운 풍경과 산이 주는 기쁨을 누리기에 더없이 좋은 곳이다.
유엔기념공원,남구,35.1277,129.09775,부산광역시 남구 유엔평화로 93,0516250625,"아이,커플,친구,혼자",사계절,"역사,문화,공원",도시,"6월 호국보훈의 달이면 꽃들이 이곳으로 모여든다. 그 꽃은 한국전쟁 전사자들을 기억하는 꽃이자, 전쟁 없는 평화를 염원하는 마음이다."
부산박물관,남구,35.12957,129.09451,부산광역시 남구 유엔평화로 63,0516107111,"가족,아이,커플,친구,혼자",사계절,"역사,문화",도시,"수 천 년의 시간을 관통하고 있는 부산박물관. 아이들에게는 교과서 밖의 역사를, 어른들에게는 부산의 역사가 간직한 시간의 무게를 경험하게 해줄 특별한 공간이 될 것이다."
부산시립미술관,해운대구,35.16702,129.1369,부산광역시 해운대구 APEC로 58,0517442602,"가족,부모,아이,커플,친구,혼자",사계절,문화,도시,"대형?소형 전시실, 로비전시실, 옥외전시실, 어린이미술관, 이우환공간, 카페테리아 등을 갖춘 복합문화공간이다. 다양한 현대미술작품을 발굴하여 전시하고 있으며, 다채로운 문화행사와 체험프로그램도 운영한다."
영화의 전당,해운대구,35.171055,129.12703,부산광역시 해운대구 수영강변대로 120,0517806000,"가족,부모,아이,커플,친구,혼자",사계절,문화,도시,"아시아를 넘어 세계적으로 인정받는 부산국제영화제, 부산이 영화의 도시라 불리는 가장 큰 이유다. 그리고 또 하나, 빅루프의 LED조명과 함께 부산의 랜드마크가 된 영화의 전당이 있다. 영화제 기간에는 개?폐막식 등 중요 행사가 진행되고, 평상시에는 영화와 공연을 즐길 수 있는 복합문화공간이 된다. 저렴한 관람료에 최고의 영상과 음향을 자랑한다."
벡스코,해운대구,35.169247,129.13628,부산광역시 해운대구 APEC로 55,0517407300,"가족,부모,아이,커플,친구,혼자",사계절,문화,도시,부산에서 제법 규모가 있는 행사나 박람회는 모두 이곳에서 열린다. 바로 국제적인 규모를 자랑하는 전시컨벤션센터 벡스코(BEXCO)다. 체험 형태의 전시 뿐 아니라 다양한 문화공연과 행사가 365일 펼쳐지는 곳이다. 전체 행사일정을 미리 확인하여 사전등록을 신청하면 관람료가 무료이거나 훨씬 저렴해진다.
석불사,북구,35.221504,129.04861,부산광역시 북구 만덕고개길 143-79,0513321690,"부모,아이,커플,친구,혼자",사계절,"역사,문화",산,"석불사는 사찰 자체가 간직한 경치도 무척 아름답지만 이곳에 도달하기까지 걷게 되는 조용한 풍경 또한 여행자에게 ‘걷기 좋은 길’이라는 느낌을 선사한다. 도시의 갑갑함을 잠시 벗어나 고즈넉한 산사의 풍경과 휴식을 취하고 싶은 이라면, 석불사로의 산책만한 것이 없다."
성지곡수원지,부산진구,35.187065,129.04105,부산 부산진구 새싹로 295,0518607848,"친구,혼자","봄,여름,가을","자연,공원,걷기",산,"성지곡수원지 둘레길은 가벼운 운동을 위한 산책길, 연인들의 데이트 코스, 가족나들이 장소 등 어느 하나 어울리지 않은 데가 없다. 눈과 귀를 열고 자연을 즐기며 천천히 길을 따라 걷다보면 분명 이 호수가 갖고 있는 진짜 매력을 발견하게 될 거다."
어린이대공원,부산진구,35.184998,129.04153,부산광역시 부산진구 새싹로 295,0518607848,"아이,커플,친구,혼자",사계절,"자연,공원","산,도시","우거진 숲속엔 꼬마 아이들도 쉽게 걸을 수 있는 산책로가 있고, 나무 사이사이 피크닉을 즐길 수 있는 야외테이블도 자리한다. 계곡 따라 흐르는 시원한 물소리 들으며 가족과 함께 자연이 전해주는 치유의 시간을 즐겨보자."
민주공원,중구,35.112125,129.02792,부산광역시시 중구 민주공원길 19,0517907400,"부모,아이,커플,친구,혼자",사계절,"자연,공원","산,도시","혼란스러운 역사의 중심에서 나라를 구하기 위해, 또 민주주의를 수호하기 위해, 끊임없이 저항한 위대한 부산시민의 넋. 호국용사와 민주영령의 살아있는 정신이 고스란히 전해지는 이곳은 중앙공원?민주공원이다."
유엔평화기념관,남구,35.1277,129.09775,부산광역시 남구 홍곡로320번길 106,0519011400,"아이,커플,친구,혼자",사계절,"역사,문화,공원",도시,"유엔기념공원과 멀지 않은 곳에 유엔평화기념관이 자리하고 있다. 사정없는 포화 속에 몇 년간 반복된 한국전쟁, 마침내 정전협정으로 평화를 얻기까지의 역사가 사실적으로 전시되어 있다. 평화의 의미를 되새기며 함께 공존하는 미래에 대해 생각해보는 유익한 공간이다."
국립일제강제동원역사관,남구,35.124355,129.09192,부산광역시 남구 홍곡로320번길 100,0516298600,"가족,커플,친구,혼자",사계절,"역사,문화",도시,열악한 작업환경에서 무리한 강제노동에 시달리던 수많은 조선인이 작업 중 사망하거나 행방불명되었다. 유해를 찾은 분도 있지만 대부분은 수습되지 못하고 아직까지 머나먼 타국에 있다. 그분들의 넋을 기리고 평안히 잠드시길 빌어보자.
장안사,기장군,35.374046,129.23288,부산광역시 기장군 장안읍 장안로 482,0517272393,"가족,부모,아이,커플,친구,혼자",사계절,문화,산,"장안사는 계절에 따라 다른 매력을 느낄 수 있는 사찰이다. 장안사를 감싸고 있는 불광산이 계절에 따라 색을 바꾸고, 이때 마다 장안사는 새로운 빛깔로 물들며 사시사철 다른 이야기를 전해주는 것만 같다."
힐튼부산 이터널저니,기장군,35.197235,129.22784,부산광역시 기장군 기장읍 기장해안로 268-31,0516047000,"가족,부모,아이,커플,친구",사계절,문화,바다,"책 속으로 떠나는 여행. 빡빡한 일상에 지쳐갈 때, 여유로운 휴식과 지적인 즐거움을 충족시켜줄 이터널저니. 이곳에서 만큼은 ‘북캉스’를 사계절 내내 즐길 수 있을 것 같다. 다양한 테마가 있는 서가를 보고 있노라면 자신도 몰랐던 나만의 취향을 발견할 수도 있으니 말이다."
삼광사,부산진구,35.175694,129.04338,부산광역시 부산진구 초읍천로43번길 77,0518087111,"가족,커플,친구,혼자",사계절,문화,산,부처님 오신날이면 삼광사 연등축제의 장관을 꼭 담아봐야 한다. 형형색색의 연등이 산자락을 타고 불을 밝히는 5월엔 세상 그 어디보다 가장 빛나는 삼광사를 찾아가보자.
선암사,부산진구,35.176968,129.02771,부산광역시 부산진구 백양산로 138,0518037573,"부모,아이,커플,친구,혼자",사계절,"역사,문화",산,조용하고 한적한 경내에서는 저절로 목소리를 낮추게 된다. 세월이 묻어나는 범종각이 방문객을 맞이한다. 용머리를 가진 커다란 목어가 참된 나를 돌아보라 하는 듯하다. 그나저나 아담한 삼층석탑은 무슨 사연이 있기에 지붕모양 옥개석만 남았을까. 햇살 좋고 하늘 높은 날엔 혼자여도 충만해지는 선암사가 참 좋다.
B4291,중구,35.096855,129.03468,부산광역시 중구 용미길10번길 1,0512564291,"가족,부모,아이,친구,혼자",사계절,문화,도시,"비어있던 건어물 위판장이 복합문화공간으로 변모했다. 남포동 건어물 도매시장 내 B4291이 바로 그것. 1층엔 남포조인트마켓과 B.archive가, 2층에는 커피를 직접 로스팅하는 카페가 입점해 있다."
사직야구장,동래구,35.194107,129.06151,부산광역시 동래구 사직로 45,0515909000,"가족,부모,아이,커플,친구","봄,여름,가을",문화,도시,"부산사람들의 열정과 에너지, 그리고 여유와 낭만까지 만나볼 수 있는 ‘작은 부산’ 사직야구장으로 여러분을 초대한다."
홍법사,금정구,35.30372,129.11032,부산 금정구 두구로33번길 202,0515080345,"부모,커플,친구,혼자",사계절,"자연,역사,문화",산,"한국에서 가장 큰 좌불상이 부산에 있다는 사실, 알고 계셨나요? 홍법사에 있는 이 거대한 불상은 거대한 모습으로 방문객을 맞이합니다. 사원에 들어서면 공원처럼 잘 가꾸어진 잔디가 눈에 띈다. 사찰의 독특한 점 중 하나는 구조가 일반적인 불교 사찰과 같은 특이한 느낌을 준다는 것입니다. 이 정도의 조화로운 아름다움을 지닌 정원을 가진 불교 사원은 많지 않습니다. 한국의 대부분의 사찰은 산이나 가파른 경사면에 자리 잡고 있습니다. 홍법사는 평지에 세워져 있어 비교적 쉽게 방문할 수 있다는 점을 제외하면. 맑은 공기가 통하는 홍법사의 자연정원은 누구나 한번쯤은 가보고 싶은 숨은 보석이다."
아미산둘레길,사하구,35.066406,128.96764,부산 사하구 다대낙조2길 77,0512656863,"부모,아이,커플,친구,혼자",사계절,"자연,걷기",산,"아미산은 부산시 사하구 다대포해수욕장 인근에 위치하고 있습니다. 어메이산 트레일은 모든 어메이산 하이킹 코스를 연결하는 산림 간 트레일이며 총 길이는 약 9km입니다. 무성한 나무, 장엄한 일몰 및 아름다운 강 전망이 있습니다. 주말마다 많은 시민들이 휴식과 재충전을 위해 찾아옵니다."
만덕고개누리길전망데크,북구,35.21414,129.05618,부산광역시 동래구 온천동 산153-8,0515506401,"가족,커플,친구",사계절,"자연,공원,걷기",산,"산이 많은 도시 부산. 동래구와 금정구, 북구에 넓게 걸쳐 있는 금정산은 부산의 여러 산 중에서도 맏형이다. 해발 800m 고당봉을 중심으로 산등성이가 부산 중심부로 이어지면서 부산의 근간을 이룬다. 사방에 4개의 성문을 가진 금정산성이 있고 신라 고찰인 범어사를 품고 있다. 만덕고개길은 금정산 남쪽에 위치한 옛길이다. 만덕터널이 생기기 전 동래와 구포를 이어주던 유일한 길이다. 상인들이 보따리 짐을 지고 동래장과 구포장을 오가던 산길이라 도적떼가 많았던 모양이다. 만 명이 무리를 지어 올라가야 도적을 피할 수 있다는 뜻으로 '만능 고개'라 불렀다는 전설이 있다. 지금의 '만덕고개'가 '만능 고개'에서 비롯됐다고 전해진다. 만덕고개길 아래로 터널이 2개나 뚫리고 지하철까지 놓이면서 이제는 굳이 오를 필요가 없어진 길"
범어사 문화체험 누리길,금정구,35.28345,129.06883,부산 금정구 청룡동 543,0515083122,"가족,부모,아이,커플,친구,혼자",사계절,"자연,문화,걷기",산,"사찰 처마에 매달린 차임은 바람에 흔들리고 그 소리는 맑고 은빛으로 사람을 위로한다. 따라서 이 사원은 마음을 진정시킬 수 있습니다. 범어사 트레일에서 가족, 친구와 함께 무더운 여름을 피하세요! 일생에 한 번뿐인 경험이 될 것입니다."
삼포해안길,해운대구,35.16001,129.17104,부산 해운대구 중동 948-1,0517015548,"가족,무보,아이,커플,친구,혼자",사계절,걷기,바다,"삼포해안길은 부산 대표 포구 미포, 청사포, 구덕포를 연이어 따라 걷는다해 이름 붙었다. 바쁜 일상을 잠시 내려놓고 느리게 걷다보면 탁 트인 바다풍경에 절로 위로를 받을 수 있을 거다."
치유의 숲,기장군,35.26962,129.12956,부산광역시 기장군 철마면 철마천로 101,0519762831,"가족,아이,커플,친구,혼자","봄,여름,가을","자연,걷기",산,"부산 치유의 숲은 부산 기장군에 위치한 부산 최초의 힐링숲으로 산림체조, 호흡, 명상 등 다양한 산림치유사업을 운영하고 있습니다. 치유의 숲은 몸과 마음을 치유하기 위해 산책이나 하이킹을 즐기기에도 좋은 곳입니다."
해운대수목원,해운대구,35.22992,129.1327,부산광역시 해운대구 석대동 26,0518887131,"가족,부모,아이,커플",사계절,"자연,걷기",산,"바람에 실려 오는 허브의 미향이 피톤치드와 잘 어울린다. 잠시 멈춰 청량감 가득한 자연 테라피를 마음껏 즐겨보자. 이름을 알 수 없는 각양각색의 허브와 야생화는 일상에 지친 마음에 위로를 건넨다. 바람에 스치는 나뭇잎 소리, 새들의 지저귐, 가까이 들리는 풀벌레 소리가 심신의 안정을 돕는다. 어쩌면 이리도 평화로울까…"
부산도서관,사상구,35.172737,128.98526,부산광역시 사상구 사상로310번길 33,0513105400,"아이,커플,친구,혼자",사계절,문화,도시,"동심의 세계를 마음껏 펼칠 수 있는 공간 꿈뜨락어린이실은 1층 별관에 자리하고 있습니다. 동화책, 그림책, 어린이 신문, 체험형 동화구연 등을 갖춘 유아?어린이 전용 도서관입니다. 바닥에서 편하게 책을 읽을 수 있는 넓은 공간과 2층 다락방까지, 아이들을 위한 딱 맞춤형 공간이랍니다."
기장 달음산 자연휴양림,기장군,35.30242,129.18535,부산광역시 기장군 일광면 화용길 299-106,0517223023,"가족,부모,아이,커플,친구",사계절,자연,산,"자연은 몸과 마음의 안정을 위한 최적의 휴식공간입니다. 자연 속 힐링 여행, 달음산 자연휴양림으로 떠나봅시다!"
기장 도예 관광 힐링촌 테마숲,기장군,35.360134,129.23999,부산광역시 기장군 장안읍 기룡리 산120,0517280993,"부모,아이,커플,친구,혼자","봄,여름,가을",자연,산,아이에게 안데르센 동화 이야기를 들려주고 싶으신가요? 그렇다면 기장 도예 관광 힐링촌 테마숲에서 동화 속 주인공을 직접 만나보세요~!
해동용궁사,기장군,35.188583,129.22346,부산광역시 기장군 기장읍 용궁길 86,0517227744,"친구,혼자","봄,여름,가을","자연,역사,문화",바다,경내로 향하는 길목에서 제일 먼저 만나게 되는 십이지신상은 여행객들에게 자신이 태어난 해의 동물을 찾아 함께 사진을 찍는 재미를 안겨주는 곳이다. 십이지신은 열두 방위의 땅을 지키며 잡귀의 침범을 막고 인간의 오복을 빌어주는 수호신과도 같다. 일주문을 지나 송림 사이로 이어진 108계단에 들어서면 마침내 푸른 바다를 품은 해동용궁사와 만나게 된다. 사찰과 연결된 용문교 위에서는 많은 방문자들이 동전을 던지며 소원을 비는 광경을 자주 목격하게 되는데 이는 간절히 빌면 한 가지 소원은 꼭 이뤄준다는 용궁사의 영험함 때문이다.
부산프리미엄아울렛,기장군,35.323696,129.23563,부산광역시 기장군 장안읍 정관로 1133,16444001,"아이,커플,친구,혼자",사계절,쇼핑,도시,"부산 프리미엄 아울렛에 들어서면 이탈리아의 어느 활기찬 골목을 연상시키는 건축양식이 먼저 시선을 사로잡는다. 1층 중앙광장의 분수대를 기준으로 로우 스트리트(Low Street), 미들 스트리트(Middle Street), 하이 스트리트(High Street)가 고풍스런 계단으로 연결되고, 180여 개의 국내외 유명 브랜드가 입점해 있어 이국적인 쇼핑을 경험하려는 사람들의 관심을 한 몸에 받고 있다. 아이들을 위한 놀이시설과 전문 식당가도 갖추고 있어 쇼핑과 레저, 문화를 동시에 즐길 수 있는 복합공간으로 자리매김 하였다."
신세계백화점 센텀시티점,해운대구,35.168625,129.12907,부산광역시 해운대구 센텀남대로 35 / 센텀4로 15,15881234,"가족,부모,아이,커플,친구,혼자",사계절,쇼핑,도시,"해운대 센텀시티에 위치한 신세계 백화점은 만남과 휴식을 테마로 하는 편안한 쇼핑공간을 지향한다. 외국인을 위한 환전, 통역, 세금환급 서비스 등을 제공해 글로벌 쇼핑의 편리함도 추구한다."
롯데백화점 센텀시티점,해운대구,35.169735,129.13115,부산광역시 해운대구 센텀남대로 59,15770001,"가족,부모,아이,커플,친구,혼자",사계절,쇼핑,도시,부산본점을 비롯하여 시내 주요 지역에 3개의 지점이 운영 중이다. 모든 지점이 교통의 요지에 위치하여 관광과 쇼핑의 편리함을 충족시킨다.
롯데백화점 광복점,중구,35.098164,129.03685,부산광역시 중구 중앙대로 2,0516782500,"가족,부모,아이,커플,친구,혼자",사계절,쇼핑,도시,부산본점을 비롯하여 시내 주요 지역에 3개의 지점이 운영 중이다. 모든 지점이 교통의 요지에 위치하여 관광과 쇼핑의 편리함을 충족시킨다.
국제시장,중구,35.101543,129.02809,부산광역시 중구 중구로 32,0512457389,"가족,부모,아이,커플,친구,혼자",사계절,쇼핑,기타,"국제시장은 한국전쟁 이후 미군 군수품을 비롯한 온갖 물자들이 피란수도였던 부산으로 몰려들면서 생긴 시장이다. 바로 옆에 붙어있는 부평깡통시장, 자갈치시장, 보수동책방골목 등과 함께 ‘부산 원조 초거대 상권’ 이라고 할 수 있는 국제시장은 영화 ‘국제시장’의 흥행과 함께 제 2의 전성기를 맞았다."
현대백화점 부산점,동구,35.141224,129.05864,부산광역시 동구 범일로 125,0516672233,"가족,부모,아이,커플,친구",사계절,쇼핑,도시,1995년 개점하여 부산의 대표적인 명품 백화점으로 자리매김하였다. 2019년 대대적인 리뉴얼공사를 진행함으로써 쾌적한 쇼핑환경 제공은 물론 고객친화적 공간으로 새롭게 탈바꿈하였다. 고객을 위한 편의시설이 잘 마련되어 있고 그에 걸맞은 고품격 서비스로 고객들의 만족을 추구한다.
롯데면세점 김해공항점,강서구,35.173695,128.94626,부산광역시 강서구 공항진입로 108 김해공항 국제청사 2층,0519791900,"가족,부모,아이,커플,친구,혼자",사계절,쇼핑,도시,100여개의 다양한 브랜드가 입점해 있어 김해공항을 이용하는 여행자들에게 즐거운 면세 쇼핑을 제공한다.
부산면세점 용두산점,중구,35.101048,129.03249,부산광역시 중구 용두산길 37-55,0514601900,"가족,부모,아이,커플,친구",사계절,쇼핑,도시,"용두산공원 부산타워에 위치한 부산면세점은 남포동, 국제시장 등 시내 주요 관광지와 근접해 있어 편리한 면세점 이용이 가능하며, 특히 부산만의 특화된 브랜드를 구입할 수 있는 면세점이다."
신세계면세점 부산점,해운대구,35.169636,129.12808,부산광역시 해운대구 센텀4로 15 신세계 센텀시티몰 B1/1F,16618778,"가족,부모,아이,커플,친구,혼자",사계절,쇼핑,도시,부산의 관광휴양지 해운대 센텀시티에 위치해 해운대를 비롯한 동부산권 인기 관광지를 구경하며 럭셔리한 면세쇼핑을 즐길 수 있다.
동래시장,동래구,35.20391,129.08588,부산광역시 동래구 동래시장길 14,0515521651,"가족,부모,아이,커플,친구",사계절,쇼핑,도시,"2층짜리 깔끔한 현대식 건물인 동래시장의 나이는 벌써 250살. 조선시대 부산지역 최대 5일장이었던 동래장터가 현재까지 동래에서 가장 큰 규모를 자랑하는 전통시장으로 이어지고 있다. 시장 내 점포들도 오랜 기간 전통을 유지해 온 집들이 많다. 건물 바깥쪽을 둘러싼 한약재상, 가격을 좀처럼 올리지 않는 식당가, 애교로 흥정이 가능한 패션잡화 등 대부분의 가게가 최소 40 ~ 50년 경력을 자랑한다. 가격 저렴, 상품 고퀄, 소문난 맛집 하면 동래시장!"
자갈치시장,중구,35.096664,129.03055,부산광역시 중구 자갈치해안로 52,07052261483,"가족,부모,아이,커플,친구,혼자",사계절,쇼핑,도시,"도심에서 바다를 보면서 갓 잡아온 생선회를 먹을 수 있는 곳이 부산 말고 또 있을까? 수평선이 보이는 남해바다를 반찬 삼아 싱싱한 회 한 점과 노릇노릇 잘 구워진 생선구이, 그리고 얼큰하게 끓어낸 매운탕을 함께 한다면 자갈치시장과 부산 바다가 우리 입 안에 가득할 것이다."
부평깡통시장,중구,35.102184,129.02582,부산광역시 중구 부평1길 48,0512431128,"가족,부모,아이,커플,친구,혼자",사계절,쇼핑,도시,"각종 분식과 한식, 서양식 먹거리가 새벽까지 넘쳐나는 곳, 진정한 먹방을 원한다면 골목마다 다양한 음식이 줄지어 우리를 기다리는 부평깡통시장으로 가자!"
구포시장,북구,35.209274,129.00357,부산광역시 북구 구포시장1길 1,0513339033,"가족,부모,아이,커플,친구,혼자",사계절,쇼핑,도시,"싱싱한 해산물과 건어물, 셀 수 없을 정도의 다양한 품목이 즐비한 구포시장. 각종 먹거리도 넘쳐난다. 하루 종일 시장 안에서 놀아도 되겠다."
서면시장,부산진구,35.155655,129.05817,부산광역시 부산진구 서면로 56,0518065025,"가족,부모,아이,커플,친구,혼자",사계절,쇼핑,도시,2층에는 서면시장청년몰 온나(onna)가 조성되어 젊은 사장님들의 감각적인 가게가 입점해 전통시장에 새로운 활력을 불러일으키고 있다. 지역청년과 시장상인의 상생으로 서면시장이 더욱 빛난다.
부전시장,부산진구,35.162804,129.06134,부산광역시 부산진구 중앙대로783번길 23,0518187009,"가족,부모,아이,커플,친구,혼자",사계절,쇼핑,도시,"한국전쟁 이후 피난민들이 모여 일군 삶의 터전, 부전시장. 지금은 부전마켓타운이라는 다소 현대적인 이름을 가졌지만 부산 사람들은 여전히 부전시장이라 부른다."
남항시장,영도구,35.08876,129.04222,부산광역시 영도구 절영로49번길 73-5,0514149500,"가족,부모,아이,커플,친구,혼자",사계절,쇼핑,도시,피란민이 일군 전통시장으로 싱싱한 해산물이 특화된 시장이다. 가격 착한 맛집이 종류별로 성업 중이라 시장은 항상 많은 인파로 북적인다.
봉래시장,영도구,35.08876,129.04222,영도구 태종로113번길 39,0514133111,"가족,부모,아이,커플,친구,혼자",사계절,쇼핑,도시,일제강점기 시절 형성되어 역사와 전통을 자랑하는 시장이다. 50년 이상 삼진어묵 본점이 자리하고 있어 어묵의 본고장이라 할 수 있다.
해운대시장,해운대구,35.16165,129.1621,부산광역시 해운대구 구남로41번길 22-1,0517463001,"가족,부모,아이,커플,친구,혼자",사계절,쇼핑,도시,해운대 해수욕장과 5분 거리에 위치한 해운대시장은 다양한 먹거리와 볼거리로 항상 북적인다.
민락회타운,수영구,35.155643,129.1237,부산광역시 수영구 민락수변로 1,0517573000,"가족,부모,아이,커플,친구,혼자",사계절,쇼핑,도시,광안리 바다와 광안대교를 바라보며 들어서 있는 민락회타운. 1층 활어판매시장에서 횟감을 고르면 위층에 즐비한 횟집에서 싱싱한 바다의 맛을 음미할 수 있다.
기장시장,기장군,35.243847,129.21524,부산광역시 기장군 기장읍 읍내로104번길 16,0517213963,"가족,부모,아이,커플,친구,혼자",사계절,쇼핑,도시,알록달록 파라솔 사이로 정이 넘치는 기장 아지매들의 환한 미소가 빛난다. 바다에서 금방 건져 올린 싱싱한 해산물은 물론 토실토실 살 오른 농산물까지 없는 게 없다.
구봉산 치유숲길,동구,35.125202,129.02582,부산광역시 동구 구봉북길 19(부산 동구 산 35-22),0514404814,"가족,부모,아이,친구,혼자",사계절,쇼핑,도시,숲길 가득 빽빽한 편백나무가 하늘을 향해 높이 뻗어 있습니다. 치유숲길에 들어서는 순간 상쾌한 기운이 온 몸을 감싸주니 기분 좋은 에너지가 무한충전 되는 듯 합니다. 울창한 숲 한가운데서 잠시 가던 길을 멈추고 마음껏 피톤치드를 음미해 보세요. 새들이 선물하는 아름다운 선율도 감상하고 나무 그늘 사이로 비치는 온화한 햇살도 듬뿍 받아가세요.
수영강상설카약체험장,수영구,35.169857,129.12282,부산광역시 수영구 수영로741번길 20 103동 앞 수영강,0517435589,"아이,커플,친구,혼자",여름,"자연,체험,이색여행",바다,"해마다 여름이 되면 이번엔 어떤 방법으로 무더위를 피해볼까 이것저것 생각하느라 많이 바쁘셨죠?^^ 꼼짝 않고 실내에서 에어컨만 켜 놓고 있을 순 없고, 그렇다고 경제적으로 많은 경비를 지출할 수도 없어요. 특히나 요즘은 생활 속 거리두기를 항상 염두에 두고 계획을 세워야 하니, 선택의 여지가 별로 없는 것도 사실이에요. 시원한 강바람에 몸을 맡기고 유유자적하는 방법이 하나 있긴 한데… 혹시… 카약 한번 타 보실래요?"
부산아쿠아리움,해운대구,35.15938,129.16101,부산광역시 해운대구 해운대해변로 266,0517401700,"가족,부모,아이,친구",사계절,체험,"도시,기타",커플들의 데이트 장소이자 가족들과 단체 나들이하기 좋은 곳. 바라만 보는 바다는 이제 안녕. 부산아쿠아리움에서 놀라운 바다 속 세상을 경험해보자.
광안리 해양레포츠센터,수영구,35.153183,129.11899,부산광역시 수영구 광안해변로54번길 222,0516220027,"부모,아이,커플,친구","여름,가을",체험,바다,"해양레포츠하면 가장 먼저 떠올리는 것은 아무래도 서핑이겠지만, 파도의 영향을 많이 받기 때문에 초보자가 도전하기에는 두려움이 앞선다. 최근 그 대안으로 떠오른 것이 바로 ‘스탠드 업 패들보드(SUP)’다. 패들보드는 서핑보다 비교적 쉽고 안정적이라 초보자들도 당황하지 않고 즐길 수 있다. 간단한 강습만 받으면 금방 바다에 나갈 수 있다는 장점 덕분에 다양한 연령대의 강습생이 많다는 것도 특징이다."
태권도 체험,남구,35.138103,129.10725,부산광역시 남구 황령대로 492번길 8 대영태권도,0516285286,"가족,부모,아이,커플,친구",사계절,체험,도시,한국을 대표하는 무술은 누가 뭐래도 태권도다. 2000년 시드니 올림픽부터 올림픽 정식종목으로 채택된 이후 전 세계 200여 개국에 태권도 협회가 있을 정도로 세계인이 즐기고 수련하는 무술로 인정받고 있다. 이제는 단순한 무술이 아니라 한국의 대표적인 문화가 된 태권도를 누구나 쉽고 재미있게 체험해볼 수 있다.
한복체험관,중구,35.101254,129.03232,부산광역시 중구 용두산길 37-55,01064858507,"친구,혼자",사계절,"문화,공원,체험",기타,"배시시 한복을 고르고 스타일링 하는 내내 설렌다. 손가락 하트가 만국공통어가 된지는 오래. 하트를 날리는 사람도, 받는 사람도 모두 즐거운 순간이다. 여행 내내 웃음이 끊이지 않는다. 한복 입은 내 모습이 신기하면서도 예뻐 보인다. 한복 입으러 또 아담 가자."
산악자전거 체험,북구,35.22574,129.00351,부산광역시 북구 화명동 1718-10(화명생태공원),0513106011,"가족,부모,아이,커플,친구,혼자",사계절,체험,산,"울퉁불퉁 언덕과 산길을 에너지 넘치게 달리는 산악자전거는 다른 체험에서 느낄 수 없는 ‘살아있음’을 느끼게 해준다. 페달을 밟으며 산을 오를 때는 그 어느 스포츠보다 힘들 수 있지만, 시원한 바람 가르며 내려오는 길은 산악자전거의 스릴을 제대로 만끽하는 시간이 된다."
낙동강생태탐방선,사하구,35.109783,128.94913,부산광역시 사하구 하단동 1149-10(을숙도생태공원 내),0512942135,"가족,부모,아이,커플,친구,혼자",사계절,체험,기타,"부산은 바다, 산, 강을 모두 품고 있어 관광 자원이 매우 풍부하다. 최근에는 ‘낙동강 생태탐방선’이 부산의 관광지로 새롭게 주목받고 있다."
다도체험,동래구,35.224957,129.0772,부산광역시 동래구 우장춘로 211(금강사),0515551383,"커플,친구,혼자",사계절,문화,산,"차를 만들고 마시는 예절을 뜻하는 ‘다도’는 우리나라에서는 예로부터 ‘다례’라고 불렀다. 우리나라의 ‘다례’는 아주 오랜 시간 동안 불교를 중심으로 전승되어왔지만, 불교를 억압했던 조선시대를 맞아 차 문화가 쇠퇴했으며 자연히 남아있는 차 문화는 절을 중심으로 이어져와 오늘날에 이르게 됐다. 그래서 자연히 오늘날의 다례체험은 절에서 주로 체험할 수 있다."
동래학춤,동래구,35.228443,129.08504,부산광역시 금정구 장전로 33-6(이화풍류원),0515830053,"가족,부모,아이,커플,친구",사계절,"문화,체험",기타,"동래학춤은 춤이기도 하지만, 풍물패가 만들어내는 음악과 소리꾼의 소리가 합쳐졌을 때 비로소 완성되는 예술이다. 음악과 소리, 학춤의 삼위일체가 만들어내는 무아지경의 세계, 바로 동래학춤이다."
발효체험,남구,35.146694,129.06706,부산광역시 남구 전포대로 110(연효재),0516369355,"가족,부모,아이,커플,친구",사계절,체험,도시,발효체험은 그저 막걸리를 만드는 체험이 아니라 발효에 담긴 조상들의 지혜와 얼을 가득 담아오는 시간이다. 막걸리를 비롯한 다양한 종류의 체험을 경험하며 우리 발효 문화의 느긋함을 깊게 느껴보자.
송도오토캠핑장,서구,35.072613,129.01756,부산광역시 서구 송도해변로 36,01066680627,"커플,친구,혼자",사계절,체험,"바다,도시",똑같이 반복되는 일상에 활력을 불어넣어주기에 탁 트인 야외에서 하루를 보내는 캠핑만한 것도 없다. 바다와 강이 반겨주는 부산의 도심 속에서 광활한 자연을 느끼며 부산 캠핑만의 즐거움을 만끽한다.
부산쿠킹클래스,서구,35.101288,129.02072,부산광역시 서구 구덕로186번길 15 2층,0519511220,"커플,친구,혼자",사계절,체험,도시,"부산을 찾는 외국인들에게는 새로운 경험을, 이색적인 체험을 원하는 여행자들에게는 특별한 시간을 선물해 줄 한식 원데이클래스가 여러분을 기다린다."
핸드메이드 캔들 체험,중구,35.10026,129.02805,부산광역시 중구 중구로 28 국제시장 6공구 B동 2층,050714611198,"아이,커플,친구,혼자",사계절,체험,도시,"만들어진 캔들은 어디에도 없는 나만의 바다가 된다. 여행하는 방법이 사람마다 다르듯 여행을 기억하는 방법도 여러 가지다. 누군가는 사진으로, 누군가는 기념품으로, 누군가는 향기로. 부산 바다를 오래도록 기억하고 싶은 당신에게 부산을 담은 특별한 바다를 선물하면 어떨까."
템플스테이,부산진구,35.176865,129.02768,부산 부산진구 백양산로 138,0518037573,"커플,친구,혼자",사계절,"자연,문화,체험",산,"항상 정신없고 바쁘기만 한 일상, 쳇바퀴처럼 반복되는 삶에서 작은 쉼표 하나 찍고 싶은 심정은 모든 현대인들의 로망이자 꿈이다. 영원히 떠날 수 없다면 조금 용기를 내 일상에 작은 숨구멍을 내어보자. 호젓한 부산 산기슭에서 생각을 덜어내고 심신의 평온을 찾을 수 있는 시간, 바로 템플스테이다."
농장체험,강서구,35.18373,128.89934,부산광역시 강서구 봉죽길91번길 65-38(두루팜),0518325062,"가족,부모,아이,커플,친구",사계절,체험,기타,"여름엔 블루베리, 봄?겨울엔 딸기, 가을엔 고구마?땅콩 체험이 진행되는 두루팜 체험농장은 실속 있는 프로그램으로 최상의 만족도를 제공한다. 맘껏 먹으며 수확도하고, 수확물로 맛있는 것도 만들고, 일정량을 가져갈 수도 있는 덤까지, 세상 행복한 기분을 만끽할 수 있다. 서부산의 풍요로운 들녘으로 삼삼오오 즐거운 소풍 가자~"
부산칠드런스뮤지엄,기장군,35.192085,129.21779,부산광역시 기장군 기장읍 기장해안로 172 스타테라스 2F,0517118862,"가족,아이",사계절,체험,기타,"세계최고의 어린이 시설인 미국의 인디애나폴리스 칠드런스 뮤지엄과 자매결연을 하여, 그 노하우를 공유하고 있으며, 국내 최대 규모로 계획한 부산 칠드런스 뮤지엄은 35개의 체험물로 구성되어 있습니다. 아이들의 ‘뛰어 놀 권리’를 보호한다는 취지로 설립되었으며 아이들은 놀이를 통한 교육으로 자신의 상상력과 창의력을 한 계단 더 성장시킬 수 있습니다. 부산 칠드런스 뮤지엄은 과학의 각 분야들과 순수예술이 조화를 이루는 여러 가지 테마로 이루어져 있습니다. 아이들의 무한한 잠재력과, 창의력과 상상력이 고취되는 특별한 순간을 부산 칠드런스 뮤지엄이 함께 하겠습니다."
한국음식문화원,부산진구,35.172245,129.07109,부산시 부산진구 중앙대로 922 동서대사회교육원 1층 한국음식문화원,0519498008,"가족,아이,커플,친구",사계절,체험,도시,"한류문화 열풍, 국민 식생활 수준 향상 및 다문화 가정의 증가 등으로 우리나라 음식에 대한 관심이 관심이 높아지고 있습니다. 지역사회에 건강한 우리 식문화를 전파하고, 전통 우리음식의 재발견과 한식의 현대적 재해석을 통해 우리의 식문화를 제대로 알리며 교육하는 곳입니다."
드림씨어터,남구,35.148117,129.06573,"부산시 남구 전포대로 133, 3층 드림씨어터 (문현동, IFC부산 오슬로파크)",18333755,"가족,커플,친구",사계절,문화,도시,드림씨어터는 최고의 공연을 만날 수 있는 부산 유일의 초대형 뮤지컬 전용극장입니다. 대형 규모의 작품들을 올릴 수 있는 공연장이 없어 그 동안 선보일 수 없었던 세계적인 No.1 걸작들을 이제 부산에서도 즐길 수 있는 꿈의 공연장입니다.
부산국가지질공원,남구,35.124897,129.1193,부산광역시 남구 이기대공원로 68(이기대공원관리사무소),0518883638,"가족,아이,친구,혼자","봄,가을",자연,바다,2020년 12월 유네스코 세계지질공원 후보지로 선정된 부산국가지질공원은 바다와 산 그리고 강하구를 아우르는 천혜의 경관 속에서 해양도시 부산의 고유한 멋과 지질역사를 고스란히 간직하고 있는 국내 유일의 도시형 지질공원입니다.
송도용궁구름다리,서구,35.06196,129.02226,부산 서구 암남동 620-53,0512404087,"가족,부모,아이,커플,친구,혼자","봄,여름,가을","자연,공원",바다,이번에 소개하는 곳은 송도용궁구름다리입니다. 송도 전체를 바라 볼 수 있는 부산의 새로운 명소 입니다. 구름다리 그 이름 그대로 구름 위를 걷고 있는 듯한 기분으로 만들어 준다고 합니다.
청사포 고양이마을,해운대구,35.16136,129.18816,부산 해운대구 중동 산 34-2,0514390072,"아이,커플,친구,혼자","봄,여름,가을",자연,"바다,도시","청사포는 방파제 위에 우뚝 솟은 쌍둥이 등대와 독특한 해상 스카이워크가 있는 것으로 유명하며, 국내외 관광객들에게도 인기있는 명소. 특히 최근에는 청사포 마을을 내 얼굴로 걷는 길고양이들이 이 작은 어촌 마을 일에 한 몫하고 있다. 지금 ‘청사포 고양이 마을’은 새로운 인기 검색어다."
부산영화체험박물관,중구,35.10169,129.0337,부산광역시 중구 대청로126번길 12,0517154200,"가족,아이,커플,친구,혼자",사계절,"문화,체험",도시,"영화의 도시 부산에 ‘봄’이 왔다. 봄(BOM)은 Busan museum Of Movies의 줄임말로 영화의 모든 것을 보고, 느끼고, 즐기는 영화관련 전문체험관이다. 매년 부산국제영화제가 개최되고 영화촬영지로서 최적의 조건을 갖춘 도시 부산에, 영화제작에 관련된 다양한 체험콘텐츠를 즐길 수 있는 공간이 생긴 것이다."
브라운핸즈 백제,동구,35.11635,129.03696,부산광역시 동구 중앙대로209번길 16,0514640332,"커플,친구,혼자",사계절,"자연,걷기,이색여행","산,도시","이바구길에서 처음으로 마주친 스폿은 바로 브라운핸즈 백제, 심야카페 장편의 배경이 되는 장소이기도 하다. 1927년 개업한 백제병원 건물이 지금은 보수와 개조를 거쳐 브라운핸즈 백제라는 이름의 근사한 카페가 됐다. 등록문화재 제647호로 지정되어 건물 외관은 물론 내부 바닥 등을 최대한 보존했기 때문에 과거의 흔적을 만나볼 수 있는 곳이다. 현대 건축미와 레트로한 감성이 동시에 느껴지는 건물 입구 앞에 서서 사진을 찍는 것만으로도 예쁜 추억을 만들기엔 충분하다."
이바구캠프,동구,35.119048,129.02643,부산광역시 동구 망양로533번길 30-8,0514670289,"커플,친구,혼자",사계절,"자연,걷기,이색여행","산,도시","잠시 동안 버스를 타고 이동해서 도착한 곳은 이바구캠프. 드라마에 등장했는데 산복도로의 꼭대기에 위치하고 있어서 전망이 좋기로도 유명하다. 그냥 지나치기 아쉬운 전망이라 여행자들이 잠시 쉬어 갈 수 있도록 도시민박촌을 조성했는데, 전망 좋은 게스트하우스와 옥상 캠프는 SNS에서는 이미 유명한 뷰 맛집이다."
네모상점,연제구,35.19148,129.09218,부산광역시 연제구 신금로 25 2층 227호,050713879640,"가족,부모,아이,커플,친구,혼자",사계절,"체험,이색여행",도시,"둥근 지구를 위한 네모의 실천’이라는 캐치프레이즈와 함께 아기자기~ 소유욕 발동하는 예쁜 친환경 제품을 판매하는 네모상점! 이곳에서는 탈색, 색소 등 어떠한 약품처리도 하지 않은 천연 수세미를 비롯해 패브릭 컵홀더 등 여행과 일상생활에서 사용할 수 있는 다양한 제품을 판매하고 있다. 네모상점에서 강력히 추천하는 제품은 바로 비누처럼 만든 주방 세제. 화학 성분과 화학 계면활성제가 첨가되지 않은 식물유래 성분으로 만들어 더욱더 안심하고 사용할 수 있다. 이것이야말로 화학물질에 노출된 현대인에게 딱 필요한 제로 웨이스트 물품이지 않을까 싶다. 네모상점에서는 재활용품에 또 다른 디자인과 활용도를 더해 가치를 높이는 업사이클링 체험도 할 수 있다."
심플리파이,수영구,35.14231,129.10808,부산광역시 수영구 남천동로16번길 5,0516280622,"가족,부모,아이,커플,친구,혼자",사계절,"체험,이색여행",도시,"쓰레기 없는 가게 심플리파이,심플리파이! 다소 작은 규모의 제로 웨이스트 숍이지만 주방용품, 욕실용품, 의류, 식기, 식품 등 없는 것 빼고 다 있는 속이 꽉 찬~ 가게다. 천연 리넨 소재 옷을 비롯해 에코백, 손수건, 유기농 순면 생리대 등 다양한 제품을 갖추고 있어 여성들의 발길이 잦은 곳!"
천연제작소,북구,35.21084,129.00835,부산광역시 북구 덕천1길 93 2층,0513389619,"가족,부모,아이,커플,친구,혼자",사계절,"체험,이색여행",도시,"부산 최초의 제로 웨이스트 숍으로 유명한 천연제작소! 명성답게 각종 다양한 제품이 섹션 별로 나누어져 있다. 그래서 필요한 물품을 찾기에도 수월하다. 제로 웨이스트 실천 중 가장 쉽게, 가장 먼저 할 수 있는 것을 꼽으라면 그것은 바로 ‘칫솔 교체’! 칫솔에서 떨어져 나오는 미세 플라스틱의 문제가 대두되면서 옥수수 전분, 나무 등으로 만든 칫솔이 주목받고 있다. 천연제작소에는 칫솔을 비롯한 다양한 욕실용품과 주방용품, 생활용품 등을 판매하고 있다."
스카이라인루지,기장군,35.19464,129.21669,부산 부산광역시 기장군 기장읍 시랑리 산60-1,0517226002,"가족,부모,아이,커플,친구",사계절,"자연,체험,이색여행",도시,"유유자적, 모든 게 천천히 흘러가는 듯 여유가 느껴지는 이 가을을 좀 더 박진감 있게 타는 방법이 있다. 그것은 바로 ‘스카이라인 루지.’ 32년 전 뉴질랜드에서 처음 시작한 스카이라인 루지는 누구라도 쉬운 조작법으로 모든 연령대가 즐길 수 있는 액티비티다."
화명생태공원,북구,35.22594,129.00342,부산광역시 북구 화명동 1718-17,0513106057,"가족,부모,아이,커플,친구",사계절,"자연,체험,이색여행",도시,봄이면 수수한 벚꽃이 흐드러지게 피고 가을이면 빨간 단풍이 매력을 뽐내는 화명생태공원! 요리보고 조리 봐도 울창한 나무와 숲이 있는 이곳은 상쾌한 공기를 마시며 라이딩 하기에 딱 좋은 장소다. 씽씽- 페달을 밟고 가을바람을 가로지르며 달리다 보면 ‘센티함이 뭐예요?’라는 생각이 절로 든다.
고우니생태길,사하구,35.04825,128.96046,부산광역시 사하구 다대동 다대로 다대포 생태탐방로,0512205891,"아이,커플,친구,혼자",사계절,"걷기,이색여행",기타,"다대포해수욕장을 따라 줍깅을 하다 보면 이내 고우니생태길에 도착한다. 데크 길을 걸으며 다대포해수욕장의 풍광을 바라볼 수 있을 뿐 아니라 습지와 갈대가 어우러져 사진찍기 좋아 연인들의 데이트 코스로 주목받고 있는 이곳! 특히, 주말이면 셀프스냅 촬영을 위해 방문한 연인들의 모습을 심심찮게 발견할 수 있다. 사람들의 발길이 잦은 곳인 만큼 줍깅하기 좋은 장소. 무엇보다, 노을에 물든 갈대가 바람에 살랑이는 로맨틱한 풍경을 보면 흘린 땀이 절대 아깝지 않을 것이다."
흰여울터널,영도구,35.07589,129.04594,부산광역시 영도구 영선동4가 1210-38,0514194067,"가족,부모,아이,커플,친구,혼자",가을,"자연,공원,이색여행",바다,감천문화마을 만큼이나 이국적인 풍경을 자랑하는 부산여행지가 바로 영도 흰여울문화마을이다. 발 아래로 바다가 펼쳐지는 해안 절벽에 위치한 마을이라 그리스 산토리니도 부럽지 않은 경치를 자랑한다. 커다란 외항선들이 마을 앞바다에 정박해 있는 모습을 보고 있으면 외국의 어느 섬에 와 있는 듯한 착각마저 든다. 항구도시 부산의 매력을 이토록 진하게 느낄 수 있는 공간이 또 있을까.
역사의 디오라마,중구,35.1037756,129.00762,부산광역시 중구 영주로 93,0519995729,혼자,사계절,걷기,도시,"부산의 역사를 압축해 보여주는 공간으로 산복도로만 한 곳도 없다. 경사지를 따라 빼곡히 들어선 가옥은 마치 피난민의 남루했던 삶과 부두노동자의 고단했던 하루가 빚어낸 하나의 예술작품 같아 보인다. 1960년대 중반 이 달동네를 가로지르는 도로가 만들어지는데, 사람들은 굽이치는 가파른 길 위를 달리는 버스 위에 몸을 싣고 학교로, 일터로 향했다. 점점 번듯한 집들이 들어서고 그렇게 동네는 변화를 맞는다. 민주공원으로 올라가는 길 중턱에 있는 ‘역사의 디오라마(Diorama)’는 이런 부산의 과거를 미적으로 풀어낸 공간이다. 이곳에는 관조, 남고(覽古), 응시, 전망 등 4가지 테마로 구성된 건축물이 들어서 있다. 거기엔 부산의 자연과 문화 그리고 근대역사를 관통해 미래로 가고자 하는 뜻이 담겨 있다. 그 의지는 발치 아래 펼쳐진 푸른 바다 조망과 어우러지며 완성된다. 역사의 디오라마에서 이어진 길을 따라 오르면 민주공원에 이른다. 산꼭대기 작은 조각공원 주변으로 사람들이 삼삼오오 모여 있다. 장기, 바둑으로 여가를 보내는 장면이다."
삼락상설카약체험장,사상구,35.16907,128.96745,부산광역시 사상구 삼락동 29-21 삼락수상레포츠타운(삼락오토캠핑장 옆),07041400006,"아이,커플,친구,혼자",여름,"자연,체험,이색여행",바다,"카약을 타기 전, 안전을 위한 기본방법은 숙지해야겠죠? 구명조끼 착용법을 배우고 나면 전문 강사님께서 카약 타는 방법을 친절하게 가르쳐 주신답니다. 사실 카약 타는 것이 그리 어렵지 않아서 초보도 걱정 없이 바로 탈 수 있습니다. 카약에 처음 앉을 때는 마음이 굉장히 설레고 조금 긴장이 되기도 해요. 강사님이 큰 소리로 카운트다운 하신 후에 온 힘을 다해서 카약을 강물에다 밀어 넣어버리죠. 그 몇 초의 순간은 정말이지 짜릿짜릿 하답니다. 물에 막 들어갔을 땐 배 위에서 방향을 익히는 것에 약간의 시간이 걸릴 수도 있어요. 하지만 왼쪽 오른쪽 노를 저어가다 보면 원하는 방향으로 손쉽게 조절이 가능하다는 것을 알게 되죠. 카약탈 때의 가장 큰 재미는 자기 스스로 속도와 방향을 제어할 수 있다는 것 아니겠습니까? 흐르는 강물 따라 유유자적을 하든, 속도를 붙여 열심히 앞을 향해 나아가든, 그 모든 걸 컨트롤 할 수 있는 사람은 바로 나 자신이라는 거죠"
UN기념공원,남구,35.1279,129.09399,부산광역시 남구 유엔평화로 93,0516250625,커플,가을,이색여행,"바다,산","화창한 날씨가 계속되는 요즘, 대연동에 있는 UN기념공원으로 가볍게 가을 산책을 떠나보자. UN기념공원은 한국전쟁 중 전사한 UN군을 기리기 위한 세계 유일의 UN군 묘지이자 성지다. 하지만 부산 사람들이 유독 가을만 되면 이곳을 찾는 이유는 따로 있다. 바로 울긋불긋 가을로 물들어 가는 메타세쿼이아 가로수 길을 보기 위해서다."
감지해변,영도구,35.05987,129.06876,부산광역시 영도구 동삼동,0514058745,"커플,친구,혼자",사계절,걷기,"바다,산",태종사에서 내려오면 태종대 일주도로와 만난다. 오른쪽으로 가면 곧장 태종대 유원지 입구로 향하고 왼쪽으로 가면 영도등대와 전망대를 거쳐 유원지 입구로 갈 수 있다. 시간이 넉넉하다면 왼쪽으로 방향을 잡고 걸으면서 중간에 만나는 영도등대와 전망대를 함께 둘러보자. 유네스코 지질공원으로 지정될 만큼 아름다운 태종대의 해안 풍경을 만날 수 있는 코스다.
태종사,영도구,35.05592,129.08596,부산광역시 영도구 전망로 119,0514037775,"커플,친구,혼자",사계절,걷기,"바다,산",드라마틱했던 태종대 비밀의 숲의 대미를 장식할 태종사는 1970년대에 세워진 사찰이다. 대웅전을 중심으로 산신각과 그 외 부속 건물들이 태종산 자락에 자리하고 있는데 고즈넉한 분위기가 주변 풍경과 잘 어우러진다.
동래읍성탐방로,동래구,35.21006,129.08799,부산광역시 동래구 안락동,0515504081,혼자,사계절,"자연,걷기,이색여행",산,"치욕의 역사 임진왜란, 그 전쟁이 시작됐던 부산. 동래사적공원은 이런 역사를 더듬어 볼 수 있는 장소다. 400여 년 전 죽음의 냄새 진동하던 성터는 평화로운 시민들의 안식처가 된지 오래다. 길의 시작은 동래읍성 ‘인생문(人生門)’ 부터다. 재미있는 이름이다. 전해져 내려오는 이야기에 따르면 임진왜란 당시 현재 인생문이 있던 고개를 지나 피난 간 사람은 모두 목숨을 건졌다고 한다. 문 위에 올라 길을 따라 가면 곧장 나무가 우거진 숲길을 지난다. 야트막한 언덕을 오르다 보면 피라미드를 연상시키는 높다란 조형물을 만난다. 바로 부산 3·1운동기념탑이다. 이 탑은 광복 50주년인 1995년 8월 15일에 착공해 1996년 3월 1일에 완공됐다. 임진왜란의 쓰라진 패배 현장 그리고 거기 덧쓰인 독립운동, 가만히 3·1운동기념탑을 둘러보자 역사가 줄곧 전하고자 하는 메시지가 어렴풋하게나마 느껴지는 것만 같다. 이어진 길을 따라 가면 과거 장수들의 지위소로 쓰였던 북장대가 지척이다. 동래읍성 내에서 가장 경치가 좋은 장소다. 북장대 성곽 너머로 장산~황령산~금정봉으로 이어지는 부산의 스카이라인이 한눈에 들어온다. 탁 트인 조망을 감상하고 시간이 켜켜이 내려앉은 성곽을 따라 내려서면 동래읍성에서 유일하게 과거 모습 그대로 남아 있는 북문에 이른다. 거기서 완만하게 고개를 드는 언덕을 따라 오르면 한옥의 아름다움을 고스란히 간직한 서장대에 닿는다. 그렇다고 걷기가 끝난 건 아니다. 동래사적공원 주변으로는 동래부동헌, 동래읍성역사관, 장영실과학동산, 북천동고분군, 동래향교, 충렬사 등 다양한 볼거리가 가득하다. 어디로 발길을 돌릴지 잠시 망설여진다."
아미산전망대,사하구,35.05277,128.95857,부산광역시 사하구 다대낙조2길 77,0512656863,"아이,커플,친구,혼자",사계절,"걷기,이색여행",기타,"노을을 보며 줍깅할 수 있는 코스 중 마지막 장소는 바로 아미산전망대! 고우니생태길에서 도보로 약 20분 정도밖에 걸리지 않기에 충분히 걸어갈 수 있다. 한 폭의 풍경화처럼 아름다운 낙동강의 일몰을 볼 수 있는 이곳에서는 진우도, 대마등, 장자도, 신자도 등을 한눈에 조망할 수 있다."
신호공원,강서구,35.08078,128.87252,부산광역시 강서구 신호산단1로72번길 46,0519746524,"가족,부모,아이,커플,친구","봄,여름,가을","자연,체험,이색여행",바다,"‘어디에 돗자리를 펼까?’란 고민은 하지 않아도 될 만큼 어디에 펴도 가을의 정취를 누릴 수 있을 것이다. 이곳에서의 취사는 불가능하지만 간단한 도시락 등은 가능! 여행의 묘미는 뭐니 뭐니 해도 직접 손으로 준비한 수제 도시락이 아닐까? 연인과 함께 오면 더 좋은 이곳에서 맛있는 음식도 나눠 보고 로맨스도 느껴보기를... 가족들은 함께 배드민턴, 원반던지기 등 간단한 운동을 하기에도 딱 좋다."
소담공원,강서구,35.1785,129.16433,부산광역시 강서구 신호동 263,0519745745,"가족,부모,아이,커플,친구","봄,여름,가을","자연,체험,이색여행",바다,"‘어디에 돗자리를 펼까?’란 고민은 하지 않아도 될 만큼 어디에 펴도 가을의 정취를 누릴 수 있을 것이다. 이곳에서의 취사는 불가능하지만 간단한 도시락 등은 가능! 여행의 묘미는 뭐니 뭐니 해도 직접 손으로 준비한 수제 도시락이 아닐까? 연인과 함께 오면 더 좋은 이곳에서 맛있는 음식도 나눠 보고 로맨스도 느껴보기를... 가족들은 함께 배드민턴, 원반던지기 등 간단한 운동을 하기에도 딱 좋다."
부산현대미술관,사하구,35.10928,128.94056,부산 사하구 낙동남로 1191,0512207400,"가족,부모,아이,커플,친구,혼자","봄,여름,가을","자연,공원",바다,"선화와 도영이 일 때문에 재회하며 밤길을 걷는 곳은 소박하고 따뜻한 풍경이 일품인 남치이 인문학거리다. 이곳은 부산 수영구 남천성당 뒤, 숨겨진 이색 거리로 남천1동의 대표적인 특화거리다. 나무들 사이 소박하게 난 오솔길 곳곳에는 익숙한 시가 적힌 팻말이 있어 문학의 향기를 맡으며 사색할 수 있다."
광안리 민락항 방파제,수영구,35.1094,128.87271,부산광역시 수영구 민락동 광안해변로,0516104744,"가족,부모,아이,커플,친구,혼자","봄,여름,가을","자연,공원",바다,"민락항을 안고 있는 빨간 등대와 하얀 등대는 민락항 방파제의 백미! 노출되어있는 철제 사다리는 다소 밋밋할 수 있는 등대에 멋을 더하고 듬직하면서도 고풍스럽게 서 있는 등대는 민락항의 정취에 품격을 더한다. 수영만 주변을 병풍처럼 둘러싸고 있는 거대한 마천루를 한눈에 조망할 수 있는 민락항 방파제는 부산 걷기 명소로도 손꼽히는 곳이다. 특히, 해가 진 밤에 찾아가면 수많은 불빛이 신비로운 별빛처럼 흩뿌려진 절경을 감상할 수 있다."
이기대 몽돌해변,남구,35.13221,129.11881,부산광역시 남구 용호동 산25 이기대해안산책로 해변,0516076399,"아이,혼자",여름,자연,바다,장산봉 자락의 바위 절벽과 동해바다가 맞닿은 이기대. 군사작전지구로 일반인 출입이 통제됐었지만 1993년부터 일반에 개방되면서 누구나 이기대의 멋진 풍광을 만날 수 있다.?해안절벽을 따라 4.7km나 이어지는 트레킹 코스도 훌륭하지만 바다 너머로 보이는 해운대 마린시티의 고층 빌딩들은 이기대를 더욱 특별하게 만드는 풍경이다. 파도가 넘실대는 산책로를 따라 뚜벅뚜벅 걷다 보면 마음이 개운해지는 신비로운 장소기도 하다.?
몰운대 몽돌해변,사하구,35.13233,129.05096,부산광역시 사하구 다대동 산144,0512204082,"아이,혼자",여름,자연,바다,"다대포해수욕장 왼쪽 끝 지점에서 바다 쪽으로 길에 튀어나온 야트막한 산이 하나 있다. 몰운대다. 해류의 영향으로 안개와 구름이 많은 곳인데 이 때문에 섬이 잘 보이지 않는다고 하여 몰운대(沒雲臺)라는 이름을 갖게 됐다고 한다.?몰운대 입구의 가파른 언덕을 따라 조금만 올라가면 울창한 숲길이 나타난다. 평탄한 길을 10분 정도 걸으면 다대포객사가 보이고 여기에서 왼쪽으로 내려가면 곧장 해변으로 이어진다.?가운데에 길을 두고 왼쪽 해변은 모래마당, 오른쪽 해변은 자갈마당이다. 해안을 따라 제법 길게 이어지는 모래마당과 달리 자갈마당은 바위틈에 파묻힌 형국이다. 그리 넓지 않은 공간이지만 납작하고 둥근 몽돌이 해변에 가득하다.?"
천마산전망대,서구,35.08916,129.01455,부산광역시 서구 남부민동 산 4-35,0512404532,"가족,부모,아이,커플,친구,혼자",사계절,이색여행,"바다,산,도시","도심 속 잠시 스쳤을 싱그러운 풀내음이 내내 코끝에 머무는 숲길은 천마산전망대로 향하는 길이다. 힘들지 않은 평탄한 산책로를 걸으면 이내 탁 트인 원도심뷰를 볼 수 있는 천마산전망대가 나온다. 이곳에서는 부산항과 영도다리를 품고 있는 하늘 풍경을 감상할 수 있다. 빽빽하게 들어선 건물은 바다와 산과 어우러져 전혀 답답해 보이지 않는다. 또, 밤만큼이나 눈부시다."
이바구충전소,동구,35.11735,129.0325,부산광역시 동구 영초윗길 25,0514404063,"가족,아이,친구,혼자",사계절,"체험,이색여행",도시,"명란파스타를 만들 수 있는 명란셀프쿠킹 클래스가 진행되고 있습니다. 부산여행특공대 홈페이지에서 초량명란로드 관련 투어 내용을 확인할 수 있습니다. 명란셀프쿠킹을 위한 재료와 조리도구는 미리 준비되어 있으니, 선생님의 요리법을 열심히 따라가기만 하면 된답니다. 이바구충전소 2층에서 시식도 직접 할 수 있습니다. 옛 가옥의 형태를 그대로 유지한 2층의 공간은 아담하면서도 독특한 분위기를 자아냅니다. 프라이버시를 존중해주는 공간 분할도 아주 훌륭합니다. 파스타를 돌돌 말아 입안에 넣으니, 명란의 탱탱한 식감과 신선함에 한층 기분이 좋아집니다."
부산그린레일웨이,해운대구,35.16123,129.19136,부산광역시 해운대구 달맞이길62번길 13(해운대블루라인파크 미포정거장),0517015548,"가족,부모,아이,커플,친구,혼자",사계절,"체험,걷기,이색여행",바다,"오늘의 힐링 산책코스는 미포 블루라인 파크에서 시작합니다. 해운대 해변열차의 미포정거장이 있는 곳이기도 한데요, 평탄한 산책로에 들어서면 시선을 사로잡는 조형물과 주변 경관이 기분을 좋게 합니다. 미포에서 송정까지의 긴 구간이 모두 나무데크로 조성된 산책로로 이어져 있습니다. 나무계단이 해안절벽을 따라 이어져 있는 곳도 있어 바다를 한층 가까이에서 만날 수 있어요. 전망대에서 만나는 해운대의 풍경은 또 다른 장관을 선사합니다. 회백색 달맞이 터널은 알록달록 색깔옷을 입었습니다. 무지개색 다채로운 외벽을 배경으로 예쁜 추억 많이 남기세요~^^"
배산숲길,연제구,35.18016,129.09602,부산광역시 연제구 연산동,0516786303,"가족,부모,아이,커플,친구,혼자",사계절,"자연,걷기",산,"산이 많은 부산에서 주변이 온통 주택가로 둘러싸인 배산은 조금 높은 동네언덕 정도로 생각하면 될 것 같아요. 배산 둘레길을 완주하는데 넉넉잡아 1시간이면 충분할 정도니까요. 동네분들의 데일리 트레킹 코스이기도 하거니와 높이가 낮은 덕에 남녀노소 누구나 부담 없이 도전해 볼 만한 산입니다. 경사도가 있는 구간을 선택하려면 도시철도 3호선 배산역에서 연산배수지 방향으로 오르는 코스를, 조금 완만하게 시작하고 싶다면 연산동 고분군에서 시작하는 코스를 선택하면 좋을 것 같아요. 물론 이 두 코스 외에도 배산 주위 등산로는 아주 다양합니다. 어느 곳에서든 바로 숲길 트레킹을 시작할 수 있어요."
성북고개,동구,35.13837,129.04579,부산 동구 좌천동,0514404814,"가족,아이,커플,친구",사계절,"걷기,이색여행","산,도시","낮에 걷는 길과는 전혀 다른 모습을 보여줄 것을 알기에 기대와 설렘이 다가옵니다. 산허리를 가로질러 조성된 산복도로, 부산만의 특징이 가득한 길을 걷습니다. 눈 아래 펼쳐지는 부산 도심의 전경도 구경하고, 골목골목 이어진 계단도 오르내리고, 초록이 우거진 숲길도 걸어봅니다. 산복도로 골목마다 켜켜이 쌓인 동구 주민들의 소박한 일상을 만날 수 있는 길이랍니다."
금수사,동구,35.15806,128.98772,부산광역시 동구 초량6동 망양로 533-1,0514673316,"가족,아이,커플,친구",사계절,"걷기,이색여행","산,도시","부산항이 한눈에 내려다보이는 금수사(金水寺)는 옛날부터 수행의 자리였다고 전한다. 임진왜란이 끝나고 1604년(선조 37) 조선인 포로들의 귀환을 협상하기 위해 승려 사명(四溟)[1544~1610]이 일본에 가게 되었다. 그때 사명 대사가 구계산에서 하루를 머물었는데, 이곳의 물맛을 맛보고 주위를 둘러보고는 실로 수도할 만한 자리라고 감탄하였다. 이때 사명을 따르던 한 제자가 그로부터 얼마 뒤 초암을 짓고 수행하였다. 그 이후 자세한 이야기는 전하지 않는다."
영진어묵카페,동구,35.1176,129.00009,부산광역시 동구 초량동 영초윗길 22-1,0514620055,"가족,아이,커플,친구",사계절,"걷기,이색여행","산,도시",이 곳은 삼성전기(주) 부산사업장 임직원들의 따뜻한 사랑과 아름다운 나눔으로 만들어진 공간으로 부산의 자랑인 영진어묵을 팔고 있으며 넓은 공간에서 내려다보는 부산의 전경이 시원한 곳이다.
금정산성,금정구,35.2755,129.05531,부산광역시 금정구 금성동,0515194082,"가족,부모,아이,커플,친구,혼자",사계절,걷기,"바다,산","부산에서 가장 아름다운 경치를 자랑하는 금정산을 방문해 보는 건 어떨까요? 여러 갈래의 등산로가 있어 오르고 싶은 코스를 골라 등산할 수도 있지만 금강공원에서 출발하는 케이블카를 타고 좀 더 편안하게 정상 부근까지 오르는 방법도 있답니다. 금강공원 내 평탄한 오솔길은 산책을 부르는 아름다운 길입니다. 풍성한 수목의 상쾌한 향기를 즐기며 곧 케이블카 승강장에 도착하게 되지요. 케이블카에서 내려 소나무 숲 사이로 난 길을 따라가면 금정산성 남문, 동문, 산성마을까지 이어집니다. 조선시대에 금정산성을 드나드는 성문이었던 곳은 세월의 흔적을 고스란히 간직하고 있어요. 자연석으로 쌓아 올린 성벽은 삐뚤빼뚤 돌의 모양이 제각각이지만 그만큼 켜켜이 쌓인 정교한 시간을 말해주는 듯합니다."
어린이대공원 숲속도서관,부산진구,35.18299,129.04416,부산광역시 부산진구 새싹로 295,0518607848,"커플,친구,혼자","봄,가을","자연,문화,이색여행",기타,"피톤치드 가득한 숲 속에 야외 도서관이 있다는 거 알고 계신가요? 부산어린이대공원 내에 위치한 숲속도서관인데요, 이곳이 바로 야외 독서를 위한 세 번째 명당입니다. 성지곡 수원지를 품은 부산어린이대공원은 빼어난 자연경관과 울창한 편백숲을 가지고 있습니다. 고즈넉한 호수를 중심으로 넓은 친수공간이 잘 조성되어 있고, 그 옆에 숲속도서관이 있답니다. 공원 내 산책로는 온통 편백향으로 가득해 걷는 내내 상쾌한 기분을 느낄 수 있어요."
대항어촌마을,강서구,35.0116731,128.82549,부산광역시 강서구 가덕해안로1207번길 9-2,0519727335,혼자,사계절,"걷기,이색여행",바다,부산의 가장 남쪽에 위치한 가덕도는 부산에서 가장 큰 섬이다. 남해바다와 접해 있는데다 연대봉을 비롯한 여러 산을 품고 있어서 힐링 스폿으로 요즘 주가를 높이고 있다. 최근에 부산의 올레길인 갈맷길 5-2코스가 개설되면서 트레킹 코스로도 각광받고 있다. 가덕도는 아픈 역사의 현장이기도 하다. 외양포와 대항세바지 인공동굴 등 러일전쟁과 일제강점기 당시 아픈 역사의 흔적들이 고스란히 남아 있다. 가덕도는 이제 거가대교로 연결돼 섬 아닌 섬이 됐다. 가덕도와 거제도 사이 바다로는 해저터널이 지난다. 가덕도와 인접한 섬인 눌차도 역시 교량으로 연결되면서 가덕도 구석구석을 자동차로 둘러볼 수 있다.?
정거마을,강서구,35.06641,128.83994,부산광역시 강서구 눌차동,0519715447,혼자,사계절,"걷기,이색여행",바다,정거마을은 가덕도 북단에 있다. 엄밀하게 이야기 하면 가덕도와 붙어 있는 섬 눌차도에 있는 마을이다. 임시로 만든 것 같은 다리 천가교를 건너면 곧장 눌차도다. 여기서부터 정거마을까지 해안을 따라 좁은 길이 이어진다. 가덕해안도로다. 정거마을까지 가는 동안 창밖으로 해운대나 광안리와는 전혀 다른 바다가 펼쳐진다. 바다 가운데 마치 바둑판처럼 떠 있는 구조물은 굴양식장이다. 부산에서 굴을 양식한다는 건 부산사람들도 잘 모른다. 길옆으로 굴을 팔거나 굴을 까는 작업장이 군데군데 들어서 있고 각종 조개껍질이 주변에 잔뜩 쌓여 있다. 바다 뒤로는 명지의 대단지 아파트와 낙동강 하구의 섬들이 아련하게 보인다. 대도시에서 상상하기 힘든 낯선 풍경이다.?
동백방파제,기장군,35.28821,129.25501,부산광역시 기장군 일광면 동백리 233-44,0517092899,"커플,친구,혼자",가을,자연,"바다,기타","기장의 조용한 어촌마을 동백항을 찾았어요. 드넓은 동해바다가 넘실거리는 곳이지만 항구는 전형적인 시골 어촌 풍경을 간직한 곳이랍니다. 규모는 작지만 낭만적인 몽돌해변도 보이고, 빨간색과 흰색의 쌍둥이 등대가 위풍당당하게 동백항을 지키고 있습니다. 방파제를 거닐며 돌아본 동백마을은 어쩐지 정겹고 따뜻한 느낌으로 다가옵니다. 맑은 가을 하늘 위 솜사탕처럼 한 점 두 점 걸려있는 구름도 멋진 풍경이 되어 주네요. 한적한 어촌마을에서 바람과 햇살, 그리고 그림 같은 풍경 즐기며 여유로운 산책으로 마음 속 힐링 챙겨가세요."
병산저수지,기장군,35.34369,129.17284,부산광역시 기장군 정관읍 용수리,0517094578,"커플,친구,혼자",가을,자연,"바다,기타","정관 좌광천을 따라 병산저수지까지 이어지는 길은 아는 사람만 안다는 봄날 벚꽃드라이브 코스이기도 합니다. 벚꽃이 흩날리는 이 길도 예쁘지만 청명한 가을날 탁 트인 저수지와 절묘하게 어우러진 아름다운 산새를 보는 것 또한 기억에 남을 즐거움을 준답니다. 뺨을 스치는 시원한 가을바람, 한아름 피어난 이름 모를 야생화, 저수지 위쪽에 터를 잡은 나무정자… 혼자 놀기 좋은 조건을 다~ 갖추었네요.^^ 준비한 간식에 따뜻한 커피 한 잔이면 느긋한 오후의 힐링 제대로죠!"
사라수변공원,기장군,35.2382,129.2049,부산광역시 기장군 기장읍 대라리 805-2,0517094531,"커플,친구,혼자",가을,자연,"바다,기타","숨어 있는 기장의 작은 공원 사라수변공원, 알고 보면 기장 도심에서 멀지 않은 곳이라 문득 생각날 때 이용하기 편리한 곳이랍니다. 호수 주변을 따라 쭉 뻗은 산책로가 이국적인 풍경을 선사합니다. 우거진 나무와 무성한 풀숲 사이로 주변 풍경 가득 담은 호수가 고즈넉한 분위기를 풍깁니다. 시원한 나무그늘을 찾아 폭신폭신 잔디 위에 피크닉매트 하나 깔면 오늘의 놀이터 완성! 가을은 독서의 계절, 마음의 양식도 쌓을 겸 책 한 권 펼쳐볼까요?"
천마산조각공원,서구,35.08808,129.01607,부산광역시 서구 천마산로209번길 94,0512404532,"가족,부모,아이,커플,친구,혼자",사계절,"자연,공원,걷기",산,"하늘에서 말이 내려왔다는 전설의 천마바위와 44점의 아름다운 조각예술작품이 운해의 바다 속에서 그 평화로움을 선보인다. 남항에서 서쪽으로 바라보이는 해발 324m의 아담한 산에 조성된 공원의 규모는 약 1만6천㎡에 이른다. 2002년까지 1차로 기존 체육시설 주변으로 조각공원을 조성하여 작품 공모전 입상작품 20점을 설치하였고, 2003년에는 전국 10개 대학교수들이 추천한 초대작  작품 24점의 추가배치와 함께 공원입구 정비ㆍ산책로정비 ㆍ공원내 철쭉꽃 심기 등의 사업을 완료하였다. 평화로운 조각공원에서 역량 있는 작가들의 수준 높은 작품들을 관람할 수 있다. 또한, 공원 주변에는 각종 체육시설과 산책로ㆍ전망대ㆍ쉼터 등의 편의시설이 학생들의 현장학습체험 문화공간으로도 각광받고 있다."
송도해상케이블카,서구,35.07639,129.02143,부산 서구 송도해변로 171,0512479900,"가족,커플,친구",사계절,이색여행,"바다,도시,기타","송도해상케이블카는 우리나라 제1호 공설해수욕장인 송도해수욕장의 옛 명성을 되살리기 위한 복원사업을 통해 2017년 6월 ‘부산에어크루즈’라는 브랜드로 재탄생하였습니다. 최고 86m 높이에서 송도해수욕장 동쪽 송림공원에서 서쪽 암남공원까지 1.62km 바다 위를 가로질러 운행함으로써 바다 한가운데에서 느끼는 짜릿함과 동시에 송도해수욕장, 부산 영도와 남항대교, 송도 해안둘레길, 파도치는 기암 절벽까지 한 눈에 감상할 수 있습니다. 아울러 거대한 공룡들이 소리를 내며 움직이는 ‘다이노 어드벤쳐’와 국내 최초의 케이블카 뮤지엄 ‘송도도펠마이어월드’, 아시아 최초의 공중그네 ‘VR스카이스윙’ 등 다양한 체험시설과 테마시설을 통해 관광형 케이블카로써 최고의 즐거움을 선사합니다."
송도구름산책로,서구,35.07548,129.0209,부산 서구 암남동 129-4,0512404061,"가족,커플,친구",사계절,이색여행,"바다,도시,기타","해수욕장 동편에 있는 거북섬을 육지와 있는 다리인 구름산책로는 일부구간은 투명 강화유리로 되어있어 바다 한가운데를 걸어가는 느낌을 느낄 수 있다. 바다위를 거닐며, 수많은 배가 정박해있는 송도연안과 송도해수욕장을 한눈에 볼 수 있어 부산 해수욕장의 새로운 랜드마크로 부상하고 있다. 2015년에 문을 연 송도구름산책로는 바다로 이어지는 365m길이의 다리다."
낙조분수,사하구,35.04712,128.96505,부산 사하구 몰운대1길 14 다대포해수욕장 진입로,0512205891,"가족,커플,친구",사계절,이색여행,"바다,도시,기타","다대포 꿈의 낙조분수는 부산에서 최초로 만들어진 음악과 조명에 맞춰 물줄기가 분출되는 음악분수다. 2010년 3월 27일 개장을 시작으로 매년 4월부터 10월까지 개장·운영하고 있다. 면적 7,731㎡, 원형지름 60m, 둘레 180m, 분수바닥면적 2,519㎡, 최대 물높이 55m로 세계 최대 규모로 (사)한국기록원으로부터 대한민국 및 세계 최대 기록으로 인증서를 받은 바 있으며, 2010년 3월 27일 기네스월드레코드에 ‘세계최대 바닥분수’로 등재되었다."
화지산 치유숲길,연제구,35.183876,129.06126,부산 연제구 거제동,0516654121,"부모,아이,커플,친구,혼자",사계절,"자연,걷기",산,화지산과 이어진 백양산 자락에 위치한 어린이대공원은 성지곡 수원지를 중심으로 싱그러움 가득한 자연림을 만끽할 수 있는 곳이다. 다양한 종의 크고 작은 수목들이 빽빽이 들어차 있다. 울창하게 자란 수목들 덕에 마치 이곳은 부산의 도심이 아닌 것 같다. 강원도 깊은 산자락 어디쯤을 걷고 있는 기분을 느끼며 본격적으로 탐방을 시작한다.
남항대교,서구,35.07877,129.02596,부산광역시 서구 암남동,0517800077,"가족,아이,커플,친구,혼자","봄,여름,가을",걷기,바다,"하양 빨강 쌍둥이 등대가 마주 자리한 남항 방파제, 그와 나란히 걸린 남항대교의 그림 같은 풍경에 시선이 머문다. 서구 암남동에서 영도구 영선동까지 이어지는 남항대교는 부산 해안순환도로를 잇는 다리 중 유일하게 보행통로가 조성되어 있다. 해상 산책길을 따라 여유롭게 걷거나, 열심히 자전거 페달을 밟으며 남항을 가로지른다. 힘차게 남항을 드나드는 배, 저 멀리 자갈치시장과 부산타워가 눈길을 사로잡는다. 수변공원에서 바라본 영도 먼 바다에는 대형선박들의 실루엣이 금빛을 받아 반짝인다."
구포무장애숲길,북구,35.197548,129.00046,부산 북구 구포동 42-1,0513381301,"아이,커플,친구,혼자","봄,여름,가을","자연,걷기",산,구포무장애숲길은 구포 한가운데 솟아 낙동강이 한눈에 내려다보이는 산책로다. 총 코스는 약 2km 정도로 남녀노소 할 것 없이 누구나 쉽게 숲을 즐길 수 있다. 등산을 하고 싶지만 여건상 오르기 어려운 사람에게도 추천할만한 장소이다.
초량이바구길,동구,35.11635,129.03874,부산광역시 동구 중앙대로 209번길 16,0514670289,"가족,아이,커플,친구,혼자",사계절,"체험,걷기,이색여행",도시,부산역을 빠져나오면 부산의 특별한 이야기가 시작된다. 부산역사 길 건너 좁은 골목길에서 만나는 옛백제병원과 남선창고터가 초량이바구길의 출발점이다. 웅장한 백제병원과 벽만 남은 남선창고터의 적벽돌에 세월의 흔적이 고스란히 묻어난다. 1920년대에 가장 화려하게 빛을 발했던 두 곳의 당시 상황이 머릿속에 그려지는 듯하다. 외국인 선교사에 의해 최초로 세워진 초량교회를 찾아간다. 항일운동을 전개하고 신사참배에 반대하던 사람들의 집결지였다고 한다. 초량초등학교 담장을 따라가는 좁은 골목길에는 세월의 흔적이 가득 묻어난다. 저마다의 사진 속에 피난민의 희로애락이 비춰진다. 도로도 없던 까꼬막 판자촌에 상수도가 있었을 리 없다. 168계단을 뛰어내려와 양동이에 물을 길어 끝이 없을 것 같은 계단을 다시 올라야 했겠지. 터만 남은 우물과 계단 옆 모노레일은 속절없이 흘러버린 세월의 무정함을 느끼게 한다. 부산 출신의 천재시인 김민부를 기리는 김민부 전망대에서 잠시 숨을 돌리고 이바구공작소로 향한다. 이바구공작소는 초량 산복도로의 소소한 이야기를 전시하는 공간이다. 하늘과 맞닿을 듯 자리한 산복도로 마을에는 집집마다 사연이 많다. 거친 삶의 흔적을 담담히 전해주는 곳이다.
동백해안산책로,해운대구,35.15196,129.15263,부산광역시 해운대구 동백로 99,0517497621,"아이,커플,친구,혼자","봄,여름,가을","자연,걷기",바다,"해운대해수욕장에서 탁 트인 바다를 바라보며 사색에 잠겨 걷다 보면 백사장 끝자락에 아담하게 자리하고 있는 동백섬에 다다르게 된다. 원래는 섬이었던 이곳은 오랜 세월 퇴적작용으로 육지와 연결되었지만 부산 사람들에겐 여전히 동백섬으로 불리고 있다. 동백섬의 자연을 그대로 담아 공원으로 조성한 동백 공원은 우거진 해송이 아름다운 곳이다. 동백섬 둘레를 따라 난 해안산책로는 950m 정도로 긴 편은 아니지만, 조용히 산책하며 하루의 일과를 정리하기에는 더없이 좋은 공간이다. 첫 번째 전망데크를 지나 조금만 걷다보면 바위 외로운 동상 하나가 눈에 들어온다. 삼국유사에 기록된 황옥공주의 설화를 바탕으로 제작된 인어상이다. 바다 건너 먼 곳으로 시집 간 황옥공주는 고국을 잊지 못해 보름달이 뜨는 밤바다를 보며 슬픈 마음을 달랬다고 한다. 이 동상은 1974년 처음 설치되었으나, 1987년 태풍으로 인해 유실되어 현재 상체 부분은 부산박물관에 보관되어 있다. 지금의 청동인어상은 1989년 새로이 제작된 것이다. 이어지는 바닷길을 따라가면 출렁다리가 눈앞에 나타난다. 일부 구간에는 아래를 볼 수 있게 되어 있지만, 다리가 비교적 짧고 높은 곳에 있지 않아 고소공포증이 있거나 높은 곳을 무서워하는 어린이라도 무난하게 지날 수 있다."
차박물관,부산진구,35.168705,129.07158,부산광역시 부산진구 진남로 506,0518503085,"가족,아이,커플,친구",사계절,체험,기타,"전통다도체험 및 음다, 일반인 및 학생들과 외국인들에게 우리의 전통문화인 한국다도를 직접 체험하게 함으로써 우리의 격조높은 전통문화를 널리 알리는 곳. 참가자 전원에게 다기세트를 준비하여 스스로 음다 할 수 있는 기회를 제공합니다. 우리나라 고유의 의복체험을 할 수 있는 기회를 제공합니다. 부산여자대학교 차박물관은 한국 전통차 문화에 대한 자료와 유물을 수집해 전시한 곳입니다. 1층 기념관 다촌(茶村) 정상구 박사 기념관은 선생의 고매(高邁)한 인품을 추모하고 뜻 깊었던 삶의 모습과 업적을 기리는 한편 그의 고귀한 정신과 훌륭한 인격을 후인들에게 널리 알려 본받게 하기 위하여 선생의 유업(遺業)과 유품(遺品)을 체계있게 분류 정리하여 전시하고 있다. 기념관의 특색은 선생의 온화한 성품 그대로 검소하고도 품위있는 분위기를 잘 드러내고 있으며 전시내용은 선생의 삶의 행적(行績)을 생애사, 교육, 문학, 정치, 다도, 예술, 저술(著述)분야로 나누어 꾸며진 곳. 2층 제 1 복식실 왕과 왕비, 문관과 무관의 의복과 여인들의 장신구와 전통혼례에 필요한 물품등을 전시. 어린이의 의복과 소품 전시. 제 2 복식실 고구려시대의 의복과 신라시대 화랑복과 조선시대의 선비, 여인들의 복식 및 장식품등을 전시.  특별전시실 말차다완의 다양한 종류가 시대별 전시. 3층 제 1 전시실 가야시대부터 삼국시대, 고려시대, 조선시대까지의 다구 및 도자기 전시. 제 2 전시실 목기류, 철제류, 민속류, 석제류, 현대도자기 전시."
부산라벤더팜,기장군,35.259415,129.14842,부산시 기장군 철마면 개좌로 679-30,0517216253,"가족,커플,친구","봄,여름,가을",이색여행,기타,향기로운 라벤더 로즈마리 재배 판매하는 부산라벤더팜. 보라빛 물결을 바라보면 마음이 편안해집니다. 가을시즌에는 밤줍기를 진행합니다. ㅡㅡ 농장개방안내 ㅡㅡ 라벤더시즌 : 5월15일~7월15일 알밤시즌 : 9월10일~10월10일
