pId,tagType,hashTag
7,GRP,아이
7,GRP,가족
7,GRP,커플
7,SEASON,가을
7,SEASON,봄
7,IEM,자연
7,IEM,공원
7,IEM,걷기
7,CL,도시
7,CL,바다
8,GRP,아이
8,GRP,가족
8,GRP,친구
8,GRP,커플
8,SEASON,여름
8,SEASON,가을
8,SEASON,봄
8,SEASON,겨울
8,IEM,자연
8,IEM,걷기
8,CL,바다
9,GRP,아이
9,GRP,가족
9,GRP,커플
9,SEASON,가을
9,SEASON,봄
9,IEM,자연
9,IEM,공원
9,IEM,걷기
9,CL,도시
9,CL,바다
10,GRP,아이
10,GRP,가족
10,SEASON,여름
10,SEASON,가을
10,SEASON,봄
10,IEM,자연
10,IEM,걷기
10,CL,산
11,GRP,부모
11,GRP,아이
11,GRP,가족
11,GRP,친구
11,GRP,커플
11,GRP,혼자
11,SEASON,여름
11,SEASON,가을
11,SEASON,봄
11,SEASON,겨울
11,IEM,자연
11,IEM,이색여행
11,IEM,공원
11,IEM,걷기
11,CL,기타
12,GRP,부모
12,GRP,아이
12,GRP,가족
12,GRP,친구
12,GRP,커플
12,GRP,혼자
12,SEASON,여름
12,SEASON,가을
12,SEASON,봄
12,SEASON,겨울
12,IEM,자연
12,IEM,이색여행
12,IEM,공원
12,IEM,걷기
12,CL,기타
13,GRP,부모
13,GRP,아이
13,GRP,가족
13,GRP,친구
13,GRP,커플
13,GRP,혼자
13,SEASON,여름
13,SEASON,가을
13,SEASON,봄
13,SEASON,겨울
13,IEM,자연
13,IEM,이색여행
13,IEM,공원
13,IEM,걷기
13,CL,기타
14,GRP,아이
14,GRP,가족
14,GRP,커플
14,SEASON,가을
14,SEASON,봄
14,IEM,자연
14,IEM,공원
14,IEM,걷기
14,CL,도시
14,CL,바다
15,GRP,부모
15,GRP,아이
15,GRP,가족
15,GRP,친구
15,GRP,커플
15,GRP,혼자
15,SEASON,여름
15,SEASON,가을
15,SEASON,봄
15,IEM,자연
15,IEM,걷기
15,CL,기타
16,GRP,부모
16,GRP,아이
16,GRP,가족
16,GRP,친구
16,GRP,커플
16,GRP,혼자
16,SEASON,여름
16,SEASON,가을
16,SEASON,봄
16,IEM,자연
16,IEM,걷기
16,CL,기타
17,GRP,아이
17,GRP,가족
17,GRP,커플
17,SEASON,가을
17,SEASON,봄
17,IEM,자연
17,IEM,공원
17,IEM,걷기
17,CL,도시
17,CL,바다
18,GRP,아이
18,GRP,가족
18,GRP,친구
18,GRP,커플
18,SEASON,여름
18,SEASON,가을
18,SEASON,봄
18,SEASON,겨울
18,IEM,자연
18,IEM,걷기
18,CL,바다
19,GRP,아이
19,GRP,가족
19,GRP,커플
19,SEASON,가을
19,SEASON,봄
19,IEM,자연
19,IEM,공원
19,IEM,걷기
19,CL,도시
19,CL,바다
20,GRP,부모
20,GRP,아이
20,GRP,가족
20,GRP,친구
20,GRP,커플
20,SEASON,여름
20,SEASON,가을
20,SEASON,봄
20,SEASON,겨울
20,IEM,쇼핑
20,CL,도시
21,GRP,아이
21,GRP,가족
21,SEASON,여름
21,SEASON,가을
21,SEASON,봄
21,IEM,자연
21,IEM,걷기
21,CL,산
22,GRP,부모
22,GRP,아이
22,GRP,가족
22,GRP,친구
22,GRP,커플
22,GRP,혼자
22,SEASON,여름
22,SEASON,가을
22,SEASON,봄
22,SEASON,겨울
22,IEM,자연
22,IEM,이색여행
22,IEM,공원
22,IEM,걷기
22,CL,기타
23,GRP,부모
23,GRP,아이
23,GRP,가족
23,GRP,친구
23,GRP,커플
23,GRP,혼자
23,SEASON,여름
23,SEASON,가을
23,SEASON,봄
23,SEASON,겨울
23,IEM,자연
23,IEM,이색여행
23,IEM,공원
23,IEM,걷기
23,CL,기타
24,GRP,부모
24,GRP,아이
24,GRP,가족
24,GRP,친구
24,GRP,커플
24,GRP,혼자
24,SEASON,여름
24,SEASON,가을
24,SEASON,봄
24,SEASON,겨울
24,IEM,자연
24,IEM,이색여행
24,IEM,공원
24,IEM,걷기
24,CL,기타
25,GRP,아이
25,GRP,가족
25,GRP,커플
25,SEASON,가을
25,SEASON,봄
25,IEM,자연
25,IEM,공원
25,IEM,걷기
25,CL,도시
25,CL,바다
26,GRP,부모
26,GRP,아이
26,GRP,가족
26,GRP,친구
26,GRP,커플
26,GRP,혼자
26,SEASON,여름
26,SEASON,가을
26,SEASON,봄
26,IEM,자연
26,IEM,걷기
26,CL,기타
27,GRP,부모
27,GRP,아이
27,GRP,가족
27,GRP,친구
27,GRP,커플
27,GRP,혼자
27,SEASON,여름
27,SEASON,가을
27,SEASON,봄
27,IEM,자연
27,IEM,걷기
27,CL,기타
28,GRP,아이
28,GRP,가족
28,SEASON,여름
28,SEASON,가을
28,SEASON,봄
28,SEASON,겨울
28,IEM,자연
28,IEM,역사
28,IEM,문화
28,CL,기타
29,GRP,아이
29,GRP,가족
29,GRP,혼자
29,SEASON,여름
29,SEASON,가을
29,SEASON,봄
29,SEASON,겨울
29,IEM,체험
29,IEM,문화
29,CL,도시
30,GRP,부모
30,GRP,아이
30,GRP,가족
30,GRP,친구
30,SEASON,여름
30,SEASON,가을
30,SEASON,봄
30,IEM,자연
30,IEM,공원
30,IEM,걷기
30,CL,산
31,GRP,부모
31,GRP,아이
31,GRP,가족
31,GRP,친구
31,GRP,커플
31,GRP,혼자
31,SEASON,여름
31,SEASON,가을
31,SEASON,봄
31,SEASON,겨울
31,IEM,쇼핑
31,CL,도시
32,GRP,가족
32,GRP,친구
32,GRP,커플
32,SEASON,여름
32,SEASON,가을
32,SEASON,봄
32,SEASON,겨울
32,IEM,자연
32,IEM,이색여행
32,CL,바다
33,GRP,부모
33,GRP,아이
33,GRP,친구
33,GRP,커플
33,GRP,혼자
33,SEASON,여름
33,SEASON,가을
33,SEASON,봄
33,SEASON,겨울
33,IEM,체험
33,IEM,문화
33,CL,도시
34,GRP,부모
34,GRP,아이
34,GRP,친구
34,GRP,커플
34,GRP,혼자
34,SEASON,여름
34,SEASON,가을
34,SEASON,봄
34,SEASON,겨울
34,IEM,역사
34,IEM,문화
34,CL,도시
35,GRP,부모
35,GRP,아이
35,GRP,가족
35,GRP,친구
35,GRP,커플
35,SEASON,봄
35,IEM,축제
35,CL,바다
36,GRP,부모
36,GRP,아이
36,GRP,친구
36,GRP,커플
36,GRP,혼자
36,SEASON,여름
36,SEASON,가을
36,SEASON,봄
36,SEASON,겨울
36,IEM,체험
36,IEM,문화
36,CL,도시
37,GRP,부모
37,GRP,아이
37,GRP,가족
37,GRP,친구
37,GRP,커플
37,GRP,혼자
37,SEASON,여름
37,SEASON,가을
37,SEASON,봄
37,SEASON,겨울
37,IEM,쇼핑
37,CL,도시
38,GRP,아이
38,GRP,가족
38,GRP,친구
38,GRP,커플
38,GRP,혼자
38,SEASON,여름
38,SEASON,가을
38,SEASON,봄
38,SEASON,겨울
38,IEM,역사
38,IEM,문화
38,CL,도시
39,GRP,부모
39,GRP,아이
39,GRP,친구
39,GRP,커플
39,GRP,혼자
39,SEASON,여름
39,SEASON,가을
39,SEASON,봄
39,SEASON,겨울
39,IEM,역사
39,IEM,문화
39,CL,도시
40,GRP,부모
40,GRP,아이
40,GRP,가족
40,GRP,친구
40,GRP,커플
40,GRP,혼자
40,SEASON,여름
40,SEASON,가을
40,SEASON,봄
40,SEASON,겨울
40,IEM,자연
40,CL,바다
41,GRP,부모
41,GRP,아이
41,GRP,가족
41,GRP,친구
41,GRP,커플
41,GRP,혼자
41,SEASON,여름
41,SEASON,가을
41,SEASON,봄
41,SEASON,겨울
41,IEM,자연
41,CL,바다
42,GRP,혼자
42,SEASON,여름
42,SEASON,가을
42,SEASON,봄
42,IEM,자연
42,IEM,공원
42,IEM,걷기
42,CL,산
42,CL,바다
43,GRP,부모
43,GRP,아이
43,GRP,가족
43,GRP,친구
43,GRP,커플
43,GRP,혼자
43,SEASON,가을
43,SEASON,봄
43,IEM,자연
43,CL,바다
44,GRP,아이
44,GRP,친구
44,GRP,커플
44,GRP,혼자
44,SEASON,여름
44,SEASON,가을
44,SEASON,봄
44,SEASON,겨울
44,IEM,자연
44,IEM,체험
44,IEM,문화
44,CL,바다
45,GRP,친구
45,GRP,혼자
45,SEASON,가을
45,IEM,자연
45,CL,바다
46,GRP,친구
46,GRP,커플
46,GRP,혼자
46,SEASON,여름
46,SEASON,가을
46,SEASON,봄
46,IEM,자연
46,IEM,공원
46,CL,바다
47,GRP,친구
47,GRP,커플
47,GRP,혼자
47,SEASON,여름
47,SEASON,가을
47,SEASON,봄
47,SEASON,겨울
47,IEM,자연
47,IEM,걷기
47,CL,도시
47,CL,바다
48,GRP,부모
48,GRP,아이
48,GRP,가족
48,GRP,친구
48,GRP,커플
48,GRP,혼자
48,SEASON,여름
48,SEASON,가을
48,SEASON,봄
48,SEASON,겨울
48,IEM,자연
48,CL,바다
49,GRP,친구
49,GRP,커플
49,GRP,혼자
49,SEASON,여름
49,SEASON,가을
49,SEASON,봄
49,SEASON,겨울
49,IEM,자연
49,CL,산
50,GRP,아이
50,GRP,친구
50,GRP,커플
50,GRP,혼자
50,SEASON,여름
50,SEASON,가을
50,SEASON,봄
50,SEASON,겨울
50,IEM,자연
50,IEM,걷기
50,CL,산
50,CL,바다
51,GRP,아이
51,GRP,친구
51,GRP,커플
51,GRP,혼자
51,SEASON,여름
51,SEASON,가을
51,SEASON,봄
51,IEM,자연
51,IEM,걷기
51,CL,산
52,GRP,친구
52,GRP,혼자
52,SEASON,여름
52,SEASON,가을
52,SEASON,봄
52,IEM,자연
52,IEM,공원
52,IEM,걷기
52,CL,산
53,GRP,부모
53,GRP,아이
53,GRP,친구
53,GRP,커플
53,GRP,혼자
53,SEASON,여름
53,SEASON,가을
53,SEASON,봄
53,SEASON,겨울
53,IEM,자연
53,IEM,걷기
53,CL,산
54,GRP,아이
54,GRP,친구
54,GRP,커플
54,GRP,혼자
54,SEASON,여름
54,SEASON,가을
54,SEASON,봄
54,IEM,자연
54,IEM,걷기
54,CL,산
55,GRP,부모
55,GRP,아이
55,GRP,친구
55,GRP,커플
55,GRP,혼자
55,SEASON,여름
55,SEASON,가을
55,SEASON,봄
55,IEM,자연
55,CL,바다
56,GRP,아이
56,GRP,친구
56,GRP,커플
56,GRP,혼자
56,SEASON,여름
56,SEASON,가을
56,SEASON,봄
56,IEM,자연
56,CL,바다
57,GRP,가족
57,GRP,친구
57,GRP,커플
57,GRP,혼자
57,SEASON,여름
57,SEASON,가을
57,SEASON,봄
57,SEASON,겨울
57,IEM,자연
57,IEM,걷기
57,CL,산
58,GRP,친구
58,GRP,커플
58,GRP,혼자
58,SEASON,여름
58,SEASON,가을
58,SEASON,봄
58,IEM,자연
58,IEM,걷기
58,CL,산
59,GRP,부모
59,GRP,아이
59,GRP,가족
59,GRP,친구
59,GRP,커플
59,GRP,혼자
59,SEASON,여름
59,SEASON,가을
59,SEASON,봄
59,SEASON,겨울
59,IEM,공원
59,CL,도시
60,GRP,부모
60,GRP,아이
60,GRP,친구
60,GRP,커플
60,GRP,혼자
60,SEASON,여름
60,SEASON,가을
60,SEASON,봄
60,SEASON,겨울
60,IEM,공원
60,IEM,문화
60,CL,도시
61,GRP,아이
61,GRP,친구
61,GRP,커플
61,GRP,혼자
61,SEASON,여름
61,SEASON,가을
61,SEASON,봄
61,IEM,자연
61,IEM,공원
61,CL,바다
62,GRP,친구
62,GRP,커플
62,GRP,혼자
62,SEASON,여름
62,SEASON,가을
62,SEASON,봄
62,IEM,자연
62,IEM,공원
62,CL,기타
63,GRP,아이
63,GRP,친구
63,GRP,커플
63,GRP,혼자
63,SEASON,여름
63,SEASON,가을
63,SEASON,봄
63,SEASON,겨울
63,IEM,자연
63,IEM,공원
63,CL,산
63,CL,도시
64,GRP,부모
64,GRP,아이
64,GRP,친구
64,GRP,커플
64,GRP,혼자
64,SEASON,여름
64,SEASON,가을
64,SEASON,봄
64,SEASON,겨울
64,IEM,공원
64,IEM,문화
64,CL,도시
65,GRP,친구
65,GRP,커플
65,GRP,혼자
65,SEASON,여름
65,SEASON,가을
65,SEASON,봄
65,IEM,자연
65,IEM,공원
65,IEM,걷기
65,CL,산
66,GRP,아이
66,GRP,가족
66,SEASON,여름
66,SEASON,가을
66,SEASON,봄
66,IEM,체험
66,IEM,공원
66,CL,도시
67,GRP,부모
67,GRP,아이
67,GRP,친구
67,GRP,커플
67,GRP,혼자
67,SEASON,여름
67,SEASON,가을
67,SEASON,봄
67,SEASON,겨울
67,IEM,공원
67,IEM,걷기
67,CL,산
68,GRP,부모
68,GRP,아이
68,GRP,가족
68,GRP,친구
68,GRP,커플
68,GRP,혼자
68,SEASON,여름
68,SEASON,가을
68,SEASON,봄
68,SEASON,겨울
68,IEM,공원
68,CL,도시
69,GRP,친구
69,GRP,커플
69,GRP,혼자
69,SEASON,여름
69,SEASON,가을
69,SEASON,봄
69,IEM,공원
69,IEM,역사
69,CL,도시
70,GRP,부모
70,GRP,아이
70,GRP,친구
70,GRP,커플
70,GRP,혼자
70,SEASON,여름
70,SEASON,가을
70,SEASON,봄
70,SEASON,겨울
70,IEM,공원
70,IEM,걷기
70,CL,산
71,GRP,부모
71,GRP,아이
71,GRP,가족
71,GRP,친구
71,GRP,커플
71,GRP,혼자
71,SEASON,여름
71,SEASON,가을
71,SEASON,봄
71,SEASON,겨울
71,IEM,문화
71,CL,도시
72,GRP,아이
72,GRP,가족
72,GRP,친구
72,GRP,커플
72,GRP,혼자
72,SEASON,여름
72,SEASON,가을
72,SEASON,봄
72,SEASON,겨울
72,IEM,역사
72,IEM,문화
72,CL,도시
73,GRP,부모
73,GRP,아이
73,GRP,친구
73,GRP,커플
73,GRP,혼자
73,SEASON,여름
73,SEASON,가을
73,SEASON,봄
73,SEASON,겨울
73,IEM,역사
73,IEM,문화
73,CL,도시
74,GRP,부모
74,GRP,아이
74,GRP,가족
74,GRP,친구
74,GRP,커플
74,GRP,혼자
74,SEASON,여름
74,SEASON,가을
74,SEASON,봄
74,SEASON,겨울
74,IEM,문화
74,CL,도시
75,GRP,부모
75,GRP,아이
75,GRP,가족
75,GRP,혼자
75,SEASON,여름
75,SEASON,가을
75,SEASON,봄
75,SEASON,겨울
75,IEM,문화
75,CL,바다
76,GRP,아이
76,GRP,가족
76,GRP,친구
76,GRP,커플
76,GRP,혼자
76,SEASON,여름
76,SEASON,가을
76,SEASON,봄
76,SEASON,겨울
76,IEM,문화
76,CL,도시
77,GRP,아이
77,GRP,가족
77,GRP,친구
77,GRP,커플
77,GRP,혼자
77,SEASON,여름
77,SEASON,가을
77,SEASON,봄
77,SEASON,겨울
77,IEM,문화
77,CL,도시
78,GRP,아이
78,GRP,가족
78,GRP,친구
78,GRP,커플
78,SEASON,여름
78,SEASON,가을
78,SEASON,봄
78,SEASON,겨울
78,IEM,체험
78,IEM,공원
78,CL,도시
79,GRP,부모
79,GRP,아이
79,GRP,친구
79,GRP,커플
79,GRP,혼자
79,SEASON,여름
79,SEASON,가을
79,SEASON,봄
79,SEASON,겨울
79,IEM,역사
79,IEM,문화
79,CL,도시
80,GRP,친구
80,GRP,커플
80,GRP,혼자
80,SEASON,여름
80,SEASON,가을
80,SEASON,봄
80,SEASON,겨울
80,IEM,자연
80,CL,산
81,GRP,부모
81,GRP,아이
81,GRP,친구
81,GRP,커플
81,GRP,혼자
81,SEASON,여름
81,SEASON,가을
81,SEASON,봄
81,SEASON,겨울
81,IEM,역사
81,IEM,문화
81,CL,도시
82,GRP,가족
82,GRP,친구
82,GRP,커플
82,GRP,혼자
82,SEASON,여름
82,SEASON,가을
82,SEASON,봄
82,SEASON,겨울
82,IEM,문화
82,CL,도시
83,GRP,아이
83,GRP,가족
83,GRP,친구
83,GRP,커플
83,GRP,혼자
83,SEASON,여름
83,SEASON,가을
83,SEASON,봄
83,SEASON,겨울
83,IEM,역사
83,IEM,문화
83,CL,도시
84,GRP,부모
84,GRP,아이
84,GRP,가족
84,GRP,친구
84,GRP,커플
84,GRP,혼자
84,SEASON,여름
84,SEASON,가을
84,SEASON,봄
84,SEASON,겨울
84,IEM,문화
84,CL,산
85,GRP,부모
85,GRP,아이
85,GRP,가족
85,GRP,친구
85,GRP,커플
85,GRP,혼자
85,SEASON,여름
85,SEASON,가을
85,SEASON,봄
85,SEASON,겨울
85,IEM,공원
85,CL,도시
86,GRP,가족
86,GRP,친구
86,GRP,커플
86,GRP,혼자
86,SEASON,여름
86,SEASON,가을
86,SEASON,봄
86,SEASON,겨울
86,IEM,역사
86,IEM,문화
86,CL,도시
87,GRP,가족
87,GRP,친구
87,GRP,커플
87,GRP,혼자
87,SEASON,여름
87,SEASON,가을
87,SEASON,봄
87,SEASON,겨울
87,IEM,역사
87,IEM,문화
87,CL,도시
88,GRP,가족
88,GRP,친구
88,GRP,커플
88,GRP,혼자
88,SEASON,여름
88,SEASON,가을
88,SEASON,봄
88,SEASON,겨울
88,IEM,역사
88,IEM,문화
88,CL,도시
89,GRP,친구
89,GRP,커플
89,GRP,혼자
89,SEASON,여름
89,SEASON,가을
89,SEASON,봄
89,SEASON,겨울
89,IEM,자연
89,IEM,역사
89,IEM,걷기
89,CL,산
89,CL,바다
90,GRP,아이
90,GRP,친구
90,GRP,커플
90,GRP,혼자
90,SEASON,여름
90,SEASON,가을
90,SEASON,봄
90,SEASON,겨울
90,IEM,자연
90,IEM,걷기
90,CL,산
90,CL,바다
91,GRP,아이
91,GRP,가족
91,GRP,친구
91,GRP,커플
91,GRP,혼자
91,SEASON,여름
91,SEASON,가을
91,SEASON,봄
91,SEASON,겨울
91,IEM,역사
91,IEM,문화
91,CL,도시
92,GRP,아이
92,GRP,가족
92,GRP,친구
92,GRP,커플
92,GRP,혼자
92,SEASON,여름
92,SEASON,가을
92,SEASON,봄
92,SEASON,겨울
92,IEM,역사
92,IEM,문화
92,CL,도시
93,GRP,부모
93,GRP,아이
93,GRP,가족
93,SEASON,여름
93,SEASON,가을
93,SEASON,봄
93,SEASON,겨울
93,IEM,체험
93,CL,기타
94,GRP,부모
94,GRP,아이
94,GRP,친구
94,GRP,커플
94,GRP,혼자
94,SEASON,여름
94,SEASON,가을
94,SEASON,봄
94,SEASON,겨울
94,IEM,역사
94,IEM,문화
94,CL,도시
95,GRP,부모
95,GRP,아이
95,GRP,가족
95,GRP,친구
95,GRP,커플
95,GRP,혼자
95,SEASON,여름
95,SEASON,가을
95,SEASON,봄
95,SEASON,겨울
95,IEM,문화
95,CL,기타
96,GRP,부모
96,GRP,아이
96,GRP,가족
96,GRP,친구
96,GRP,커플
96,GRP,혼자
96,SEASON,여름
96,SEASON,가을
96,SEASON,봄
96,SEASON,겨울
96,IEM,문화
96,CL,도시
97,GRP,부모
97,GRP,아이
97,GRP,친구
97,GRP,커플
97,GRP,혼자
97,SEASON,여름
97,SEASON,가을
97,SEASON,봄
97,SEASON,겨울
97,IEM,자연
97,IEM,공원
97,CL,산
97,CL,도시
98,GRP,아이
98,GRP,친구
98,GRP,커플
98,GRP,혼자
98,SEASON,여름
98,SEASON,가을
98,SEASON,봄
98,IEM,자연
98,IEM,걷기
98,CL,산
99,GRP,아이
99,GRP,친구
99,GRP,커플
99,GRP,혼자
99,SEASON,여름
99,SEASON,가을
99,SEASON,봄
99,SEASON,겨울
99,IEM,공원
99,IEM,역사
99,IEM,문화
99,CL,도시
100,GRP,아이
100,GRP,가족
100,GRP,친구
100,GRP,커플
100,GRP,혼자
100,SEASON,여름
100,SEASON,가을
100,SEASON,봄
100,SEASON,겨울
100,IEM,역사
100,IEM,문화
100,CL,도시
101,GRP,부모
101,GRP,아이
101,GRP,가족
101,GRP,친구
101,GRP,커플
101,GRP,혼자
101,SEASON,여름
101,SEASON,가을
101,SEASON,봄
101,SEASON,겨울
101,IEM,문화
101,CL,도시
102,GRP,부모
102,GRP,아이
102,GRP,가족
102,GRP,친구
102,GRP,커플
102,GRP,혼자
102,SEASON,여름
102,SEASON,가을
102,SEASON,봄
102,SEASON,겨울
102,IEM,문화
102,CL,도시
103,GRP,부모
103,GRP,아이
103,GRP,가족
103,GRP,친구
103,GRP,커플
103,GRP,혼자
103,SEASON,여름
103,SEASON,가을
103,SEASON,봄
103,SEASON,겨울
103,IEM,문화
103,CL,도시
104,GRP,부모
104,GRP,아이
104,GRP,친구
104,GRP,커플
104,GRP,혼자
104,SEASON,여름
104,SEASON,가을
104,SEASON,봄
104,SEASON,겨울
104,IEM,역사
104,IEM,문화
104,CL,산
105,GRP,친구
105,GRP,혼자
105,SEASON,여름
105,SEASON,가을
105,SEASON,봄
105,IEM,자연
105,IEM,공원
105,IEM,걷기
105,CL,산
106,GRP,아이
106,GRP,친구
106,GRP,커플
106,GRP,혼자
106,SEASON,여름
106,SEASON,가을
106,SEASON,봄
106,SEASON,겨울
106,IEM,자연
106,IEM,공원
106,CL,산
106,CL,도시
107,GRP,부모
107,GRP,아이
107,GRP,친구
107,GRP,커플
107,GRP,혼자
107,SEASON,여름
107,SEASON,가을
107,SEASON,봄
107,SEASON,겨울
107,IEM,자연
107,IEM,공원
107,CL,산
107,CL,도시
108,GRP,아이
108,GRP,친구
108,GRP,커플
108,GRP,혼자
108,SEASON,여름
108,SEASON,가을
108,SEASON,봄
108,SEASON,겨울
108,IEM,공원
108,IEM,역사
108,IEM,문화
108,CL,도시
109,GRP,가족
109,GRP,친구
109,GRP,커플
109,GRP,혼자
109,SEASON,여름
109,SEASON,가을
109,SEASON,봄
109,SEASON,겨울
109,IEM,역사
109,IEM,문화
109,CL,도시
110,GRP,부모
110,GRP,아이
110,GRP,가족
110,GRP,친구
110,GRP,커플
110,GRP,혼자
110,SEASON,여름
110,SEASON,가을
110,SEASON,봄
110,SEASON,겨울
110,IEM,문화
110,CL,산
111,GRP,부모
111,GRP,아이
111,GRP,가족
111,GRP,친구
111,GRP,커플
111,SEASON,여름
111,SEASON,가을
111,SEASON,봄
111,SEASON,겨울
111,IEM,문화
111,CL,바다
112,GRP,가족
112,GRP,친구
112,GRP,커플
112,GRP,혼자
112,SEASON,여름
112,SEASON,가을
112,SEASON,봄
112,SEASON,겨울
112,IEM,문화
112,CL,산
113,GRP,부모
113,GRP,아이
113,GRP,친구
113,GRP,커플
113,GRP,혼자
113,SEASON,여름
113,SEASON,가을
113,SEASON,봄
113,SEASON,겨울
113,IEM,역사
113,IEM,문화
113,CL,산
114,GRP,부모
114,GRP,아이
114,GRP,가족
114,GRP,친구
114,GRP,혼자
114,SEASON,여름
114,SEASON,가을
114,SEASON,봄
114,SEASON,겨울
114,IEM,문화
114,CL,도시
115,GRP,부모
115,GRP,아이
115,GRP,가족
115,GRP,친구
115,GRP,커플
115,SEASON,여름
115,SEASON,가을
115,SEASON,봄
115,IEM,문화
115,CL,도시
116,GRP,부모
116,GRP,친구
116,GRP,커플
116,GRP,혼자
116,SEASON,여름
116,SEASON,가을
116,SEASON,봄
116,SEASON,겨울
116,IEM,자연
116,IEM,역사
116,IEM,문화
116,CL,산
117,GRP,부모
117,GRP,아이
117,GRP,친구
117,GRP,커플
117,GRP,혼자
117,SEASON,여름
117,SEASON,가을
117,SEASON,봄
117,SEASON,겨울
117,IEM,자연
117,IEM,걷기
117,CL,산
118,GRP,가족
118,GRP,친구
118,GRP,커플
118,SEASON,여름
118,SEASON,가을
118,SEASON,봄
118,SEASON,겨울
118,IEM,자연
118,IEM,공원
118,IEM,걷기
118,CL,산
119,GRP,부모
119,GRP,아이
119,GRP,가족
119,GRP,친구
119,GRP,커플
119,GRP,혼자
119,SEASON,여름
119,SEASON,가을
119,SEASON,봄
119,SEASON,겨울
119,IEM,자연
119,IEM,문화
119,IEM,걷기
119,CL,산
120,GRP,부모
120,GRP,아이
120,GRP,가족
120,GRP,친구
120,GRP,커플
120,GRP,혼자
120,SEASON,여름
120,SEASON,가을
120,SEASON,봄
120,SEASON,겨울
120,IEM,걷기
120,CL,바다
121,GRP,아이
121,GRP,가족
121,GRP,친구
121,GRP,커플
121,GRP,혼자
121,SEASON,여름
121,SEASON,가을
121,SEASON,봄
121,IEM,자연
121,IEM,걷기
121,CL,산
122,GRP,부모
122,GRP,아이
122,GRP,가족
122,GRP,커플
122,SEASON,여름
122,SEASON,가을
122,SEASON,봄
122,SEASON,겨울
122,IEM,자연
122,IEM,걷기
122,CL,산
123,GRP,아이
123,GRP,친구
123,GRP,커플
123,GRP,혼자
123,SEASON,여름
123,SEASON,가을
123,SEASON,봄
123,SEASON,겨울
123,IEM,문화
123,CL,도시
124,GRP,부모
124,GRP,아이
124,GRP,가족
124,GRP,친구
124,GRP,커플
124,SEASON,여름
124,SEASON,가을
124,SEASON,봄
124,SEASON,겨울
124,IEM,자연
124,CL,산
125,GRP,부모
125,GRP,아이
125,GRP,친구
125,GRP,커플
125,GRP,혼자
125,SEASON,여름
125,SEASON,가을
125,SEASON,봄
125,IEM,자연
125,CL,산
126,GRP,친구
126,GRP,혼자
126,SEASON,여름
126,SEASON,가을
126,SEASON,봄
126,IEM,자연
126,IEM,역사
126,IEM,문화
126,CL,바다
127,GRP,아이
127,GRP,친구
127,GRP,커플
127,GRP,혼자
127,SEASON,여름
127,SEASON,가을
127,SEASON,봄
127,SEASON,겨울
127,IEM,쇼핑
127,CL,도시
128,GRP,부모
128,GRP,아이
128,GRP,가족
128,GRP,친구
128,GRP,커플
128,GRP,혼자
128,SEASON,여름
128,SEASON,가을
128,SEASON,봄
128,SEASON,겨울
128,IEM,쇼핑
128,CL,도시
129,GRP,부모
129,GRP,아이
129,GRP,가족
129,GRP,친구
129,GRP,커플
129,GRP,혼자
129,SEASON,여름
129,SEASON,가을
129,SEASON,봄
129,SEASON,겨울
129,IEM,쇼핑
129,CL,도시
130,GRP,부모
130,GRP,아이
130,GRP,가족
130,GRP,친구
130,GRP,커플
130,GRP,혼자
130,SEASON,여름
130,SEASON,가을
130,SEASON,봄
130,SEASON,겨울
130,IEM,쇼핑
130,CL,도시
131,GRP,부모
131,GRP,아이
131,GRP,가족
131,GRP,친구
131,GRP,커플
131,GRP,혼자
131,SEASON,여름
131,SEASON,가을
131,SEASON,봄
131,SEASON,겨울
131,IEM,쇼핑
131,CL,기타
132,GRP,부모
132,GRP,아이
132,GRP,가족
132,GRP,친구
132,GRP,커플
132,SEASON,여름
132,SEASON,가을
132,SEASON,봄
132,SEASON,겨울
132,IEM,쇼핑
132,CL,도시
133,GRP,부모
133,GRP,아이
133,GRP,가족
133,GRP,친구
133,GRP,커플
133,GRP,혼자
133,SEASON,여름
133,SEASON,가을
133,SEASON,봄
133,SEASON,겨울
133,IEM,쇼핑
133,CL,도시
134,GRP,부모
134,GRP,아이
134,GRP,가족
134,GRP,친구
134,GRP,커플
134,SEASON,여름
134,SEASON,가을
134,SEASON,봄
134,SEASON,겨울
134,IEM,쇼핑
134,CL,도시
135,GRP,부모
135,GRP,아이
135,GRP,가족
135,GRP,친구
135,GRP,커플
135,GRP,혼자
135,SEASON,여름
135,SEASON,가을
135,SEASON,봄
135,SEASON,겨울
135,IEM,쇼핑
135,CL,도시
136,GRP,부모
136,GRP,아이
136,GRP,가족
136,GRP,친구
136,GRP,커플
136,SEASON,여름
136,SEASON,가을
136,SEASON,봄
136,SEASON,겨울
136,IEM,쇼핑
136,CL,도시
137,GRP,부모
137,GRP,아이
137,GRP,가족
137,GRP,친구
137,GRP,커플
137,GRP,혼자
137,SEASON,여름
137,SEASON,가을
137,SEASON,봄
137,SEASON,겨울
137,IEM,쇼핑
137,CL,도시
138,GRP,부모
138,GRP,아이
138,GRP,가족
138,GRP,친구
138,GRP,커플
138,GRP,혼자
138,SEASON,여름
138,SEASON,가을
138,SEASON,봄
138,SEASON,겨울
138,IEM,쇼핑
138,CL,도시
139,GRP,부모
139,GRP,아이
139,GRP,가족
139,GRP,친구
139,GRP,커플
139,GRP,혼자
139,SEASON,여름
139,SEASON,가을
139,SEASON,봄
139,SEASON,겨울
139,IEM,쇼핑
139,CL,도시
140,GRP,부모
140,GRP,아이
140,GRP,가족
140,GRP,친구
140,GRP,커플
140,GRP,혼자
140,SEASON,여름
140,SEASON,가을
140,SEASON,봄
140,SEASON,겨울
140,IEM,쇼핑
140,CL,도시
141,GRP,부모
141,GRP,아이
141,GRP,가족
141,GRP,친구
141,GRP,커플
141,GRP,혼자
141,SEASON,여름
141,SEASON,가을
141,SEASON,봄
141,SEASON,겨울
141,IEM,쇼핑
141,CL,도시
142,GRP,부모
142,GRP,아이
142,GRP,가족
142,GRP,친구
142,GRP,커플
142,GRP,혼자
142,SEASON,여름
142,SEASON,가을
142,SEASON,봄
142,SEASON,겨울
142,IEM,쇼핑
142,CL,도시
143,GRP,부모
143,GRP,아이
143,GRP,가족
143,GRP,친구
143,GRP,커플
143,GRP,혼자
143,SEASON,여름
143,SEASON,가을
143,SEASON,봄
143,SEASON,겨울
143,IEM,쇼핑
143,CL,도시
144,GRP,부모
144,GRP,아이
144,GRP,가족
144,GRP,친구
144,GRP,커플
144,GRP,혼자
144,SEASON,여름
144,SEASON,가을
144,SEASON,봄
144,SEASON,겨울
144,IEM,쇼핑
144,CL,도시
145,GRP,부모
145,GRP,아이
145,GRP,가족
145,GRP,친구
145,GRP,커플
145,GRP,혼자
145,SEASON,여름
145,SEASON,가을
145,SEASON,봄
145,SEASON,겨울
145,IEM,쇼핑
145,CL,도시
146,GRP,부모
146,GRP,아이
146,GRP,가족
146,GRP,친구
146,GRP,커플
146,GRP,혼자
146,SEASON,여름
146,SEASON,가을
146,SEASON,봄
146,SEASON,겨울
146,IEM,쇼핑
146,CL,도시
147,GRP,부모
147,GRP,아이
147,GRP,가족
147,GRP,친구
147,GRP,혼자
147,SEASON,여름
147,SEASON,가을
147,SEASON,봄
147,SEASON,겨울
147,IEM,쇼핑
147,CL,도시
148,GRP,아이
148,GRP,친구
148,GRP,커플
148,GRP,혼자
148,SEASON,여름
148,IEM,자연
148,IEM,체험
148,IEM,이색여행
148,CL,바다
149,GRP,부모
149,GRP,아이
149,GRP,가족
149,GRP,친구
149,SEASON,여름
149,SEASON,가을
149,SEASON,봄
149,SEASON,겨울
149,IEM,체험
149,CL,기타
149,CL,도시
150,GRP,부모
150,GRP,아이
150,GRP,친구
150,GRP,커플
150,SEASON,여름
150,SEASON,가을
150,IEM,체험
150,CL,바다
151,GRP,부모
151,GRP,아이
151,GRP,가족
151,GRP,친구
151,GRP,커플
151,SEASON,여름
151,SEASON,가을
151,SEASON,봄
151,SEASON,겨울
151,IEM,체험
151,CL,도시
152,GRP,친구
152,GRP,혼자
152,SEASON,여름
152,SEASON,가을
152,SEASON,봄
152,SEASON,겨울
152,IEM,체험
152,IEM,공원
152,IEM,문화
152,CL,기타
153,GRP,부모
153,GRP,아이
153,GRP,가족
153,GRP,친구
153,GRP,커플
153,GRP,혼자
153,SEASON,여름
153,SEASON,가을
153,SEASON,봄
153,SEASON,겨울
153,IEM,체험
153,CL,산
154,GRP,부모
154,GRP,아이
154,GRP,가족
154,GRP,친구
154,GRP,커플
154,GRP,혼자
154,SEASON,여름
154,SEASON,가을
154,SEASON,봄
154,SEASON,겨울
154,IEM,체험
154,CL,기타
155,GRP,친구
155,GRP,커플
155,GRP,혼자
155,SEASON,여름
155,SEASON,가을
155,SEASON,봄
155,SEASON,겨울
155,IEM,문화
155,CL,산
156,GRP,부모
156,GRP,아이
156,GRP,가족
156,GRP,친구
156,GRP,커플
156,SEASON,여름
156,SEASON,가을
156,SEASON,봄
156,SEASON,겨울
156,IEM,체험
156,IEM,문화
156,CL,기타
157,GRP,부모
157,GRP,아이
157,GRP,가족
157,GRP,친구
157,GRP,커플
157,SEASON,여름
157,SEASON,가을
157,SEASON,봄
157,SEASON,겨울
157,IEM,체험
157,CL,도시
158,GRP,친구
158,GRP,커플
158,GRP,혼자
158,SEASON,여름
158,SEASON,가을
158,SEASON,봄
158,SEASON,겨울
158,IEM,체험
158,CL,도시
158,CL,바다
159,GRP,친구
159,GRP,커플
159,GRP,혼자
159,SEASON,여름
159,SEASON,가을
159,SEASON,봄
159,SEASON,겨울
159,IEM,체험
159,CL,도시
160,GRP,아이
160,GRP,친구
160,GRP,커플
160,GRP,혼자
160,SEASON,여름
160,SEASON,가을
160,SEASON,봄
160,SEASON,겨울
160,IEM,체험
160,CL,도시
161,GRP,친구
161,GRP,커플
161,GRP,혼자
161,SEASON,여름
161,SEASON,가을
161,SEASON,봄
161,SEASON,겨울
161,IEM,자연
161,IEM,체험
161,IEM,문화
161,CL,산
162,GRP,부모
162,GRP,아이
162,GRP,가족
162,GRP,친구
162,GRP,커플
162,SEASON,여름
162,SEASON,가을
162,SEASON,봄
162,SEASON,겨울
162,IEM,체험
162,CL,기타
163,GRP,아이
163,GRP,가족
163,SEASON,여름
163,SEASON,가을
163,SEASON,봄
163,SEASON,겨울
163,IEM,체험
163,CL,기타
164,GRP,아이
164,GRP,가족
164,GRP,친구
164,GRP,커플
164,SEASON,여름
164,SEASON,가을
164,SEASON,봄
164,SEASON,겨울
164,IEM,체험
164,CL,도시
165,GRP,가족
165,GRP,친구
165,GRP,커플
165,SEASON,여름
165,SEASON,가을
165,SEASON,봄
165,SEASON,겨울
165,IEM,문화
165,CL,도시
166,GRP,아이
166,GRP,가족
166,GRP,친구
166,GRP,혼자
166,SEASON,가을
166,SEASON,봄
166,IEM,자연
166,CL,바다
167,GRP,부모
167,GRP,아이
167,GRP,가족
167,GRP,친구
167,GRP,커플
167,GRP,혼자
167,SEASON,여름
167,SEASON,가을
167,SEASON,봄
167,IEM,자연
167,IEM,공원
167,CL,바다
168,GRP,아이
168,GRP,친구
168,GRP,커플
168,GRP,혼자
168,SEASON,여름
168,SEASON,가을
168,SEASON,봄
168,IEM,자연
168,CL,도시
168,CL,바다
169,GRP,아이
169,GRP,가족
169,GRP,친구
169,GRP,커플
169,GRP,혼자
169,SEASON,여름
169,SEASON,가을
169,SEASON,봄
169,SEASON,겨울
169,IEM,체험
169,IEM,문화
169,CL,도시
170,GRP,친구
170,GRP,커플
170,GRP,혼자
170,SEASON,여름
170,SEASON,가을
170,SEASON,봄
170,SEASON,겨울
170,IEM,자연
170,IEM,이색여행
170,IEM,걷기
170,CL,산
170,CL,도시
171,GRP,친구
171,GRP,커플
171,GRP,혼자
171,SEASON,여름
171,SEASON,가을
171,SEASON,봄
171,SEASON,겨울
171,IEM,자연
171,IEM,이색여행
171,IEM,걷기
171,CL,산
171,CL,도시
172,GRP,부모
172,GRP,아이
172,GRP,가족
172,GRP,친구
172,GRP,커플
172,GRP,혼자
172,SEASON,여름
172,SEASON,가을
172,SEASON,봄
172,SEASON,겨울
172,IEM,체험
172,IEM,이색여행
172,CL,도시
173,GRP,부모
173,GRP,아이
173,GRP,가족
173,GRP,친구
173,GRP,커플
173,GRP,혼자
173,SEASON,여름
173,SEASON,가을
173,SEASON,봄
173,SEASON,겨울
173,IEM,체험
173,IEM,이색여행
173,CL,도시
174,GRP,부모
174,GRP,아이
174,GRP,가족
174,GRP,친구
174,GRP,커플
174,GRP,혼자
174,SEASON,여름
174,SEASON,가을
174,SEASON,봄
174,SEASON,겨울
174,IEM,체험
174,IEM,이색여행
174,CL,도시
175,GRP,부모
175,GRP,아이
175,GRP,가족
175,GRP,친구
175,GRP,커플
175,SEASON,여름
175,SEASON,가을
175,SEASON,봄
175,SEASON,겨울
175,IEM,자연
175,IEM,체험
175,IEM,이색여행
175,CL,도시
176,GRP,부모
176,GRP,아이
176,GRP,가족
176,GRP,친구
176,GRP,커플
176,SEASON,여름
176,SEASON,가을
176,SEASON,봄
176,SEASON,겨울
176,IEM,자연
176,IEM,체험
176,IEM,이색여행
176,CL,도시
177,GRP,아이
177,GRP,친구
177,GRP,커플
177,GRP,혼자
177,SEASON,여름
177,SEASON,가을
177,SEASON,봄
177,SEASON,겨울
177,IEM,이색여행
177,IEM,걷기
177,CL,기타
178,GRP,부모
178,GRP,아이
178,GRP,가족
178,GRP,친구
178,GRP,커플
178,GRP,혼자
178,SEASON,가을
178,IEM,자연
178,IEM,이색여행
178,IEM,공원
178,CL,바다
179,GRP,혼자
179,SEASON,여름
179,SEASON,가을
179,SEASON,봄
179,SEASON,겨울
179,IEM,걷기
179,CL,도시
180,GRP,아이
180,GRP,친구
180,GRP,커플
180,GRP,혼자
180,SEASON,여름
180,IEM,자연
180,IEM,체험
180,IEM,이색여행
180,CL,바다
181,GRP,커플
181,SEASON,가을
181,IEM,이색여행
181,CL,산
181,CL,바다
182,GRP,친구
182,GRP,커플
182,GRP,혼자
182,SEASON,여름
182,SEASON,가을
182,SEASON,봄
182,SEASON,겨울
182,IEM,걷기
182,CL,산
182,CL,바다
183,GRP,친구
183,GRP,커플
183,GRP,혼자
183,SEASON,여름
183,SEASON,가을
183,SEASON,봄
183,SEASON,겨울
183,IEM,걷기
183,CL,산
183,CL,바다
184,GRP,혼자
184,SEASON,여름
184,SEASON,가을
184,SEASON,봄
184,SEASON,겨울
184,IEM,자연
184,IEM,이색여행
184,IEM,걷기
184,CL,산
185,GRP,아이
185,GRP,친구
185,GRP,커플
185,GRP,혼자
185,SEASON,여름
185,SEASON,가을
185,SEASON,봄
185,SEASON,겨울
185,IEM,이색여행
185,IEM,걷기
185,CL,기타
186,GRP,부모
186,GRP,아이
186,GRP,가족
186,GRP,친구
186,GRP,커플
186,SEASON,여름
186,SEASON,가을
186,SEASON,봄
186,IEM,자연
186,IEM,체험
186,IEM,이색여행
186,CL,바다
187,GRP,부모
187,GRP,아이
187,GRP,가족
187,GRP,친구
187,GRP,커플
187,SEASON,여름
187,SEASON,가을
187,SEASON,봄
187,IEM,자연
187,IEM,체험
187,IEM,이색여행
187,CL,바다
188,GRP,부모
188,GRP,아이
188,GRP,가족
188,GRP,친구
188,GRP,커플
188,GRP,혼자
188,SEASON,여름
188,SEASON,가을
188,SEASON,봄
188,IEM,자연
188,IEM,공원
188,CL,바다
189,GRP,부모
189,GRP,아이
189,GRP,가족
189,GRP,친구
189,GRP,커플
189,GRP,혼자
189,SEASON,여름
189,SEASON,가을
189,SEASON,봄
189,IEM,자연
189,IEM,공원
189,CL,바다
190,GRP,아이
190,GRP,혼자
190,SEASON,여름
190,IEM,자연
190,CL,바다
191,GRP,아이
191,GRP,혼자
191,SEASON,여름
191,IEM,자연
191,CL,바다
192,GRP,부모
192,GRP,아이
192,GRP,가족
192,GRP,친구
192,GRP,커플
192,GRP,혼자
192,SEASON,여름
192,SEASON,가을
192,SEASON,봄
192,SEASON,겨울
192,IEM,이색여행
192,CL,산
192,CL,도시
192,CL,바다
193,GRP,아이
193,GRP,가족
193,GRP,친구
193,GRP,혼자
193,SEASON,여름
193,SEASON,가을
193,SEASON,봄
193,SEASON,겨울
193,IEM,체험
193,IEM,이색여행
193,CL,도시
194,GRP,부모
194,GRP,아이
194,GRP,가족
194,GRP,친구
194,GRP,커플
194,GRP,혼자
194,SEASON,여름
194,SEASON,가을
194,SEASON,봄
194,SEASON,겨울
194,IEM,체험
194,IEM,이색여행
194,IEM,걷기
194,CL,바다
195,GRP,부모
195,GRP,아이
195,GRP,가족
195,GRP,친구
195,GRP,커플
195,GRP,혼자
195,SEASON,여름
195,SEASON,가을
195,SEASON,봄
195,SEASON,겨울
195,IEM,자연
195,IEM,걷기
195,CL,산
196,GRP,아이
196,GRP,가족
196,GRP,친구
196,GRP,커플
196,SEASON,여름
196,SEASON,가을
196,SEASON,봄
196,SEASON,겨울
196,IEM,이색여행
196,IEM,걷기
196,CL,산
196,CL,도시
197,GRP,아이
197,GRP,가족
197,GRP,친구
197,GRP,커플
197,SEASON,여름
197,SEASON,가을
197,SEASON,봄
197,SEASON,겨울
197,IEM,이색여행
197,IEM,걷기
197,CL,산
197,CL,도시
198,GRP,아이
198,GRP,가족
198,GRP,친구
198,GRP,커플
198,SEASON,여름
198,SEASON,가을
198,SEASON,봄
198,SEASON,겨울
198,IEM,이색여행
198,IEM,걷기
198,CL,산
198,CL,도시
199,GRP,부모
199,GRP,아이
199,GRP,가족
199,GRP,친구
199,GRP,커플
199,GRP,혼자
199,SEASON,여름
199,SEASON,가을
199,SEASON,봄
199,SEASON,겨울
199,IEM,걷기
199,CL,산
199,CL,바다
200,GRP,친구
200,GRP,커플
200,GRP,혼자
200,SEASON,가을
200,SEASON,봄
200,IEM,자연
200,IEM,이색여행
200,IEM,문화
200,CL,기타
201,GRP,혼자
201,SEASON,여름
201,SEASON,가을
201,SEASON,봄
201,SEASON,겨울
201,IEM,이색여행
201,IEM,걷기
201,CL,바다
202,GRP,혼자
202,SEASON,여름
202,SEASON,가을
202,SEASON,봄
202,SEASON,겨울
202,IEM,이색여행
202,IEM,걷기
202,CL,바다
203,GRP,친구
203,GRP,커플
203,GRP,혼자
203,SEASON,가을
203,IEM,자연
203,CL,기타
203,CL,바다
204,GRP,친구
204,GRP,커플
204,GRP,혼자
204,SEASON,가을
204,IEM,자연
204,CL,기타
204,CL,바다
205,GRP,친구
205,GRP,커플
205,GRP,혼자
205,SEASON,가을
205,IEM,자연
205,CL,기타
205,CL,바다
206,GRP,부모
206,GRP,아이
206,GRP,가족
206,GRP,친구
206,GRP,커플
206,GRP,혼자
206,SEASON,여름
206,SEASON,가을
206,SEASON,봄
206,SEASON,겨울
206,IEM,자연
206,IEM,공원
206,IEM,걷기
206,CL,산
207,GRP,가족
207,GRP,친구
207,GRP,커플
207,SEASON,여름
207,SEASON,가을
207,SEASON,봄
207,SEASON,겨울
207,IEM,이색여행
207,CL,기타
207,CL,도시
207,CL,바다
208,GRP,가족
208,GRP,친구
208,GRP,커플
208,SEASON,여름
208,SEASON,가을
208,SEASON,봄
208,SEASON,겨울
208,IEM,이색여행
208,CL,기타
208,CL,도시
208,CL,바다
209,GRP,가족
209,GRP,친구
209,GRP,커플
209,SEASON,여름
209,SEASON,가을
209,SEASON,봄
209,SEASON,겨울
209,IEM,이색여행
209,CL,기타
209,CL,도시
209,CL,바다
210,GRP,부모
210,GRP,아이
210,GRP,친구
210,GRP,커플
210,GRP,혼자
210,SEASON,여름
210,SEASON,가을
210,SEASON,봄
210,SEASON,겨울
210,IEM,자연
210,IEM,걷기
210,CL,산
211,GRP,아이
211,GRP,가족
211,GRP,친구
211,GRP,커플
211,GRP,혼자
211,SEASON,여름
211,SEASON,가을
211,SEASON,봄
211,IEM,걷기
211,CL,바다
212,GRP,아이
212,GRP,친구
212,GRP,커플
212,GRP,혼자
212,SEASON,여름
212,SEASON,가을
212,SEASON,봄
212,IEM,자연
212,IEM,걷기
212,CL,산
213,GRP,아이
213,GRP,가족
213,GRP,친구
213,GRP,커플
213,GRP,혼자
213,SEASON,여름
213,SEASON,가을
213,SEASON,봄
213,SEASON,겨울
213,IEM,체험
213,IEM,이색여행
213,IEM,걷기
213,CL,도시
214,GRP,아이
214,GRP,친구
214,GRP,커플
214,GRP,혼자
214,SEASON,여름
214,SEASON,가을
214,SEASON,봄
214,IEM,자연
214,IEM,걷기
214,CL,바다
215,GRP,아이
215,GRP,가족
215,GRP,친구
215,GRP,커플
215,SEASON,여름
215,SEASON,가을
215,SEASON,봄
215,SEASON,겨울
215,IEM,체험
215,CL,기타
216,GRP,가족
216,GRP,친구
216,GRP,커플
216,SEASON,여름
216,SEASON,가을
216,SEASON,봄
216,IEM,이색여행
216,CL,기타
