PLC_NM,CTPR_NM,CARD_USE_AMT,CARD_UTILIIZA_CAS_CO,BASE_QUARTER
BIFF광장&용두산공원&보수동책방골목,경남,638753571,30244,2020년 1분기
BIFF광장&용두산공원&보수동책방골목,경기,385638884,20400,2020년 1분기
BIFF광장&용두산공원&보수동책방골목,서울,326921210,19243,2020년 1분기
BIFF광장&용두산공원&보수동책방골목,울산,158627000,7658,2020년 1분기
BIFF광장&용두산공원&보수동책방골목,경북,119875199,6126,2020년 1분기
BIFF광장&용두산공원&보수동책방골목,인천,84851132,5231,2020년 1분기
BIFF광장&용두산공원&보수동책방골목,대구,79901854,4699,2020년 1분기
BIFF광장&용두산공원&보수동책방골목,충남,47769159,2640,2020년 1분기
BIFF광장&용두산공원&보수동책방골목,충북,48829580,2636,2020년 1분기
BIFF광장&용두산공원&보수동책방골목,전남,50066867,2481,2020년 1분기
BIFF광장&용두산공원&보수동책방골목,강원,50096707,2300,2020년 1분기
BIFF광장&용두산공원&보수동책방골목,대전,43691535,2055,2020년 1분기
BIFF광장&용두산공원&보수동책방골목,전북,26865634,1585,2020년 1분기
BIFF광장&용두산공원&보수동책방골목,제주,26661231,1355,2020년 1분기
BIFF광장&용두산공원&보수동책방골목,광주,23018387,1305,2020년 1분기
BIFF광장&용두산공원&보수동책방골목,세종,11975620,525,2020년 1분기
감천문화마을,경기,83685651,8245,2020년 1분기
감천문화마을,서울,76820333,6866,2020년 1분기
감천문화마을,인천,17633554,1746,2020년 1분기
감천문화마을,경남,35984576,1576,2020년 1분기
감천문화마을,충북,10381095,1050,2020년 1분기
감천문화마을,경북,10483483,935,2020년 1분기
감천문화마을,대구,9750558,880,2020년 1분기
감천문화마을,강원,9801456,860,2020년 1분기
감천문화마을,충남,10566512,830,2020년 1분기
감천문화마을,대전,6069870,670,2020년 1분기
감천문화마을,전북,6428585,545,2020년 1분기
감천문화마을,울산,9460740,535,2020년 1분기
감천문화마을,광주,4837956,390,2020년 1분기
감천문화마을,전남,3947540,335,2020년 1분기
감천문화마을,제주,2424250,230,2020년 1분기
감천문화마을,세종,2029520,210,2020년 1분기
광안리해수욕장,서울,1499348403,59552,2020년 1분기
광안리해수욕장,경기,1408721424,56155,2020년 1분기
광안리해수욕장,경남,1250203201,42957,2020년 1분기
광안리해수욕장,대구,459732499,17687,2020년 1분기
광안리해수욕장,경북,443864947,13759,2020년 1분기
광안리해수욕장,울산,392488808,13629,2020년 1분기
광안리해수욕장,인천,312367249,11883,2020년 1분기
광안리해수욕장,충북,208176717,8151,2020년 1분기
광안리해수욕장,대전,183709398,7421,2020년 1분기
광안리해수욕장,충남,152781658,5831,2020년 1분기
광안리해수욕장,전남,138484750,5010,2020년 1분기
광안리해수욕장,광주,117847044,4498,2020년 1분기
광안리해수욕장,강원,112564183,4173,2020년 1분기
광안리해수욕장,전북,106462869,4025,2020년 1분기
광안리해수욕장,제주,55168207,1921,2020년 1분기
광안리해수욕장,세종,32583263,1080,2020년 1분기
국립해양박물관,경남,5784066,528,2020년 1분기
국립해양박물관,경기,3658815,295,2020년 1분기
국립해양박물관,서울,4377933,295,2020년 1분기
국립해양박물관,경북,1614300,150,2020년 1분기
국립해양박물관,대구,1612935,85,2020년 1분기
국립해양박물관,충남,742875,85,2020년 1분기
국립해양박물관,충북,1291200,75,2020년 1분기
국립해양박물관,대전,410475,60,2020년 1분기
국립해양박물관,울산,683550,45,2020년 1분기
국립해양박물관,인천,493725,35,2020년 1분기
국립해양박물관,전남,216825,25,2020년 1분기
국립해양박물관,전북,272850,25,2020년 1분기
국립해양박물관,광주,122400,20,2020년 1분기
국립해양박물관,강원,214200,10,2020년 1분기
국립해양박물관,세종,109500,10,2020년 1분기
국립해양박물관,제주,30345,5,2020년 1분기
"다대포 해수욕장(꿈의 낙조분수, 몰운대)",경남,201732369,12149,2020년 1분기
"다대포 해수욕장(꿈의 낙조분수, 몰운대)",서울,57837929,3759,2020년 1분기
"다대포 해수욕장(꿈의 낙조분수, 몰운대)",경기,53796168,3162,2020년 1분기
"다대포 해수욕장(꿈의 낙조분수, 몰운대)",울산,45944752,1660,2020년 1분기
"다대포 해수욕장(꿈의 낙조분수, 몰운대)",경북,25548001,1490,2020년 1분기
"다대포 해수욕장(꿈의 낙조분수, 몰운대)",대구,21447740,1255,2020년 1분기
"다대포 해수욕장(꿈의 낙조분수, 몰운대)",인천,13806355,590,2020년 1분기
"다대포 해수욕장(꿈의 낙조분수, 몰운대)",전남,6818232,610,2020년 1분기
"다대포 해수욕장(꿈의 낙조분수, 몰운대)",강원,6636721,475,2020년 1분기
"다대포 해수욕장(꿈의 낙조분수, 몰운대)",충남,5694552,330,2020년 1분기
"다대포 해수욕장(꿈의 낙조분수, 몰운대)",대전,5129573,320,2020년 1분기
"다대포 해수욕장(꿈의 낙조분수, 몰운대)",충북,4297386,300,2020년 1분기
"다대포 해수욕장(꿈의 낙조분수, 몰운대)",광주,4806127,265,2020년 1분기
"다대포 해수욕장(꿈의 낙조분수, 몰운대)",전북,3549782,180,2020년 1분기
"다대포 해수욕장(꿈의 낙조분수, 몰운대)",제주,3924025,170,2020년 1분기
"다대포 해수욕장(꿈의 낙조분수, 몰운대)",세종,3081014,80,2020년 1분기
동백섬&누리마루APEC하우스,서울,449656736,8968,2020년 1분기
동백섬&누리마루APEC하우스,경기,339875949,8132,2020년 1분기
동백섬&누리마루APEC하우스,경남,208136049,3261,2020년 1분기
동백섬&누리마루APEC하우스,대구,90201877,2139,2020년 1분기
동백섬&누리마루APEC하우스,울산,69222226,1643,2020년 1분기
동백섬&누리마루APEC하우스,인천,36505194,1450,2020년 1분기
동백섬&누리마루APEC하우스,경북,64664409,1276,2020년 1분기
동백섬&누리마루APEC하우스,충북,33741124,905,2020년 1분기
동백섬&누리마루APEC하우스,대전,57538889,815,2020년 1분기
동백섬&누리마루APEC하우스,광주,46845009,740,2020년 1분기
동백섬&누리마루APEC하우스,충남,39297818,691,2020년 1분기
동백섬&누리마루APEC하우스,강원,17465552,625,2020년 1분기
동백섬&누리마루APEC하우스,전북,21102029,550,2020년 1분기
동백섬&누리마루APEC하우스,전남,15127384,490,2020년 1분기
동백섬&누리마루APEC하우스,세종,6452201,240,2020년 1분기
동백섬&누리마루APEC하우스,제주,8354282,205,2020년 1분기
렛츠런파크,경남,20511200,2491,2020년 1분기
렛츠런파크,울산,2823990,350,2020년 1분기
렛츠런파크,대구,1738920,241,2020년 1분기
렛츠런파크,서울,1883640,200,2020년 1분기
렛츠런파크,경기,40770173,135,2020년 1분기
렛츠런파크,경북,842310,110,2020년 1분기
렛츠런파크,전남,516225,50,2020년 1분기
렛츠런파크,인천,325200,40,2020년 1분기
렛츠런파크,광주,220830,30,2020년 1분기
렛츠런파크,강원,126450,15,2020년 1분기
렛츠런파크,충남,150750,15,2020년 1분기
렛츠런파크,충북,103950,15,2020년 1분기
렛츠런파크,대전,71775,5,2020년 1분기
렛츠런파크,전북,64350,5,2020년 1분기
마린시티 카페거리,서울,529314663,12350,2020년 1분기
마린시티 카페거리,경기,446429653,10238,2020년 1분기
마린시티 카페거리,경남,205154777,5356,2020년 1분기
마린시티 카페거리,대구,129427635,2666,2020년 1분기
마린시티 카페거리,울산,86219852,2270,2020년 1분기
마린시티 카페거리,경북,125530387,2052,2020년 1분기
마린시티 카페거리,충북,64808450,1870,2020년 1분기
마린시티 카페거리,인천,61565009,1446,2020년 1분기
마린시티 카페거리,대전,55471176,1310,2020년 1분기
마린시티 카페거리,충남,58185331,1285,2020년 1분기
마린시티 카페거리,전남,58873051,976,2020년 1분기
마린시티 카페거리,강원,39917443,840,2020년 1분기
마린시티 카페거리,광주,34329221,690,2020년 1분기
마린시티 카페거리,전북,30216682,615,2020년 1분기
마린시티 카페거리,세종,30447988,435,2020년 1분기
마린시티 카페거리,제주,14917611,260,2020년 1분기
부산서면,경남,31497585461,596832,2020년 1분기
부산서면,서울,5377940898,172203,2020년 1분기
부산서면,경기,4219019922,137648,2020년 1분기
부산서면,울산,5407258748,119477,2020년 1분기
부산서면,경북,3756738234,81596,2020년 1분기
부산서면,대구,1986772750,50036,2020년 1분기
부산서면,인천,1020464910,31766,2020년 1분기
부산서면,전남,1280655619,27836,2020년 1분기
부산서면,충북,546045198,18487,2020년 1분기
부산서면,강원,604981908,17216,2020년 1분기
부산서면,제주,773886914,16742,2020년 1분기
부산서면,충남,613494176,16677,2020년 1분기
부산서면,대전,541257186,15168,2020년 1분기
부산서면,광주,374090380,12844,2020년 1분기
부산서면,전북,438164502,12237,2020년 1분기
부산서면,세종,107976953,3242,2020년 1분기
부산시민공원,경남,8882390,635,2020년 1분기
부산시민공원,경기,2166810,281,2020년 1분기
부산시민공원,서울,1650875,226,2020년 1분기
부산시민공원,경북,1565850,225,2020년 1분기
부산시민공원,울산,1574540,221,2020년 1분기
부산시민공원,전남,235940,55,2020년 1분기
부산시민공원,대구,361715,50,2020년 1분기
부산시민공원,광주,121750,30,2020년 1분기
부산시민공원,대전,136170,30,2020년 1분기
부산시민공원,충북,158385,30,2020년 1분기
부산시민공원,강원,262710,25,2020년 1분기
부산시민공원,인천,116910,20,2020년 1분기
부산시민공원,전북,108120,20,2020년 1분기
부산시민공원,제주,245490,20,2020년 1분기
부산시민공원,세종,29850,10,2020년 1분기
부산시민공원,충남,51000,10,2020년 1분기
센텀시티(신세계센텀 등),경남,31008359968,230873,2020년 1분기
센텀시티(신세계센텀 등),서울,6505823886,104832,2020년 1분기
센텀시티(신세계센텀 등),경기,46311944451,82402,2020년 1분기
센텀시티(신세계센텀 등),울산,10473215983,76032,2020년 1분기
센텀시티(신세계센텀 등),경북,5409635078,39886,2020년 1분기
센텀시티(신세계센텀 등),대구,4479344222,94903,2020년 1분기
센텀시티(신세계센텀 등),인천,853151077,13740,2020년 1분기
센텀시티(신세계센텀 등),전남,2169738561,12294,2020년 1분기
센텀시티(신세계센텀 등),광주,1431406844,9123,2020년 1분기
센텀시티(신세계센텀 등),충남,630023173,8326,2020년 1분기
센텀시티(신세계센텀 등),대전,564666077,8217,2020년 1분기
센텀시티(신세계센텀 등),충북,692449963,7817,2020년 1분기
센텀시티(신세계센텀 등),강원,669212411,7592,2020년 1분기
센텀시티(신세계센텀 등),전북,914593277,7245,2020년 1분기
센텀시티(신세계센텀 등),제주,796470504,6732,2020년 1분기
센텀시티(신세계센텀 등),세종,134625231,2027,2020년 1분기
송도해수욕장,경기,418760826,15591,2020년 1분기
송도해수욕장,서울,331005524,13453,2020년 1분기
송도해수욕장,경남,261104029,11279,2020년 1분기
송도해수욕장,대구,113897239,4255,2020년 1분기
송도해수욕장,경북,110821715,3876,2020년 1분기
송도해수욕장,울산,20928209,3505,2020년 1분기
송도해수욕장,인천,101621214,3418,2020년 1분기
송도해수욕장,충북,64689910,2102,2020년 1분기
송도해수욕장,대전,55184308,1681,2020년 1분기
송도해수욕장,충남,49451524,1611,2020년 1분기
송도해수욕장,강원,35086163,1290,2020년 1분기
송도해수욕장,광주,25552728,982,2020년 1분기
송도해수욕장,전북,27880715,951,2020년 1분기
송도해수욕장,전남,28875996,946,2020년 1분기
송도해수욕장,세종,12870149,670,2020년 1분기
송도해수욕장,제주,20777249,570,2020년 1분기
송정해수욕장,경남,116245912,8180,2020년 1분기
송정해수욕장,울산,45500798,3565,2020년 1분기
송정해수욕장,경기,51449112,3482,2020년 1분기
송정해수욕장,서울,49663429,3068,2020년 1분기
송정해수욕장,대구,32579185,1685,2020년 1분기
송정해수욕장,경북,23516823,1256,2020년 1분기
송정해수욕장,인천,10754464,610,2020년 1분기
송정해수욕장,충북,10407311,510,2020년 1분기
송정해수욕장,강원,6263682,485,2020년 1분기
송정해수욕장,광주,6666766,390,2020년 1분기
송정해수욕장,충남,9568408,3555,2020년 1분기
송정해수욕장,전남,5356105,346,2020년 1분기
송정해수욕장,대전,5355084,315,2020년 1분기
송정해수욕장,전북,3022862,170,2020년 1분기
송정해수욕장,세종,2600245,105,2020년 1분기
송정해수욕장,제주,1707204,95,2020년 1분기
오륙도&이기대 갈맷길,경남,301371061,6151,2020년 1분기
오륙도&이기대 갈맷길,경기,69845075,2731,2020년 1분기
오륙도&이기대 갈맷길,서울,102068694,2251,2020년 1분기
오륙도&이기대 갈맷길,울산,22969896,1191,2020년 1분기
오륙도&이기대 갈맷길,경북,23129116,780,2020년 1분기
오륙도&이기대 갈맷길,대구,23448571,740,2020년 1분기
오륙도&이기대 갈맷길,인천,8975189,565,2020년 1분기
오륙도&이기대 갈맷길,충남,10435186,494,2020년 1분기
오륙도&이기대 갈맷길,대전,6201232,355,2020년 1분기
오륙도&이기대 갈맷길,강원,3624556,330,2020년 1분기
오륙도&이기대 갈맷길,전남,7857588,250,2020년 1분기
오륙도&이기대 갈맷길,충북,20816048,250,2020년 1분기
오륙도&이기대 갈맷길,전북,5850056,225,2020년 1분기
오륙도&이기대 갈맷길,광주,5048348,195,2020년 1분기
오륙도&이기대 갈맷길,세종,3303608,155,2020년 1분기
오륙도&이기대 갈맷길,제주,473995,55,2020년 1분기
을숙도,경남,8028049,3006,2020년 1분기
을숙도,서울,2914960,705,2020년 1분기
을숙도,경기,2075635,596,2020년 1분기
을숙도,울산,1567170,460,2020년 1분기
을숙도,경북,1076450,320,2020년 1분기
을숙도,대구,708570,255,2020년 1분기
을숙도,인천,224115,105,2020년 1분기
을숙도,전남,121573,105,2020년 1분기
을숙도,대전,368210,90,2020년 1분기
을숙도,충북,351830,75,2020년 1분기
을숙도,강원,158880,65,2020년 1분기
을숙도,충남,97645,65,2020년 1분기
을숙도,전북,147020,55,2020년 1분기
을숙도,광주,34490,50,2020년 1분기
을숙도,세종,122805,50,2020년 1분기
을숙도,제주,82730,45,2020년 1분기
일광해수욕장,경남,68507077,3264,2020년 1분기
일광해수욕장,울산,41956364,1775,2020년 1분기
일광해수욕장,서울,18967574,920,2020년 1분기
일광해수욕장,경기,19901881,900,2020년 1분기
일광해수욕장,대구,13019884,550,2020년 1분기
일광해수욕장,경북,10060035,370,2020년 1분기
일광해수욕장,전남,2756695,245,2020년 1분기
일광해수욕장,인천,4222745,180,2020년 1분기
일광해수욕장,충남,2495464,125,2020년 1분기
일광해수욕장,충북,2619060,105,2020년 1분기
일광해수욕장,광주,2649605,100,2020년 1분기
일광해수욕장,대전,3750275,95,2020년 1분기
일광해수욕장,강원,1687575,80,2020년 1분기
일광해수욕장,전북,1688384,65,2020년 1분기
일광해수욕장,제주,391480,30,2020년 1분기
일광해수욕장,세종,584903,25,2020년 1분기
자갈치·국제시장·부평깡통야시장,경남,2282411774,52533,2020년 1분기
자갈치·국제시장·부평깡통야시장,경기,1481163273,43342,2020년 1분기
자갈치·국제시장·부평깡통야시장,서울,1368198385,40766,2020년 1분기
자갈치·국제시장·부평깡통야시장,울산,587363198,13632,2020년 1분기
자갈치·국제시장·부평깡통야시장,경북,515691810,13155,2020년 1분기
자갈치·국제시장·부평깡통야시장,대구,404580386,10571,2020년 1분기
자갈치·국제시장·부평깡통야시장,인천,349603878,9761,2020년 1분기
자갈치·국제시장·부평깡통야시장,충북,261509269,6917,2020년 1분기
자갈치·국제시장·부평깡통야시장,충남,215914360,5330,2020년 1분기
자갈치·국제시장·부평깡통야시장,전남,205816233,5243,2020년 1분기
자갈치·국제시장·부평깡통야시장,대전,190166626,4995,2020년 1분기
자갈치·국제시장·부평깡통야시장,강원,171982529,4649,2020년 1분기
자갈치·국제시장·부평깡통야시장,전북,147285865,3620,2020년 1분기
자갈치·국제시장·부평깡통야시장,광주,121575731,3197,2020년 1분기
자갈치·국제시장·부평깡통야시장,제주,139775433,2565,2020년 1분기
자갈치·국제시장·부평깡통야시장,세종,36716306,1137,2020년 1분기
전포카페거리,경남,1103964796,51499,2020년 1분기
전포카페거리,서울,333175232,19357,2020년 1분기
전포카페거리,경기,242287776,13617,2020년 1분기
전포카페거리,울산,201804774,12423,2020년 1분기
전포카페거리,경북,148857557,8054,2020년 1분기
전포카페거리,대구,108800390,6081,2020년 1분기
전포카페거리,인천,47594297,3026,2020년 1분기
전포카페거리,전남,44009709,2168,2020년 1분기
전포카페거리,충북,39020238,2119,2020년 1분기
전포카페거리,대전,38269438,1646,2020년 1분기
전포카페거리,강원,38925076,1440,2020년 1분기
전포카페거리,충남,25717324,1311,2020년 1분기
전포카페거리,광주,22386569,1275,2020년 1분기
전포카페거리,제주,23670612,1012,2020년 1분기
전포카페거리,전북,18749823,996,2020년 1분기
전포카페거리,세종,5928965,310,2020년 1분기
태종대,경기,64159342,3488,2020년 1분기
태종대,서울,55380474,3102,2020년 1분기
태종대,경남,38098284,1445,2020년 1분기
태종대,인천,14282318,860,2020년 1분기
태종대,대구,21624921,810,2020년 1분기
태종대,경북,16067613,555,2020년 1분기
태종대,대전,9167979,465,2020년 1분기
태종대,충북,7106643,430,2020년 1분기
태종대,울산,11919103,400,2020년 1분기
태종대,강원,6285298,330,2020년 1분기
태종대,충남,5832750,305,2020년 1분기
태종대,광주,6914555,280,2020년 1분기
태종대,전북,5478660,250,2020년 1분기
태종대,전남,5394840,230,2020년 1분기
태종대,세종,2225611,125,2020년 1분기
태종대,제주,2228250,80,2020년 1분기
해운대해수욕장,서울,2174912163,49254,2020년 1분기
해운대해수욕장,경기,1683731818,42125,2020년 1분기
해운대해수욕장,경남,1003608957,23642,2020년 1분기
해운대해수욕장,대구,581534597,13718,2020년 1분기
해운대해수욕장,울산,468861950,9866,2020년 1분기
해운대해수욕장,경북,363451496,9037,2020년 1분기
해운대해수욕장,인천,323220795,8723,2020년 1분기
해운대해수욕장,충북,176757442,5592,2020년 1분기
해운대해수욕장,대전,166883829,4526,2020년 1분기
해운대해수욕장,광주,173256219,3938,2020년 1분기
해운대해수욕장,충남,127197451,3681,2020년 1분기
해운대해수욕장,강원,147574269,3596,2020년 1분기
해운대해수욕장,전남,185840826,3282,2020년 1분기
해운대해수욕장,전북,100910168,2802,2020년 1분기
해운대해수욕장,세종,42243500,1281,2020년 1분기
해운대해수욕장,제주,43411083,1025,2020년 1분기
흰여울문화마을,서울,51250752,4402,2020년 1분기
흰여울문화마을,경기,76502701,4272,2020년 1분기
흰여울문화마을,경남,24880472,2046,2020년 1분기
흰여울문화마을,대구,11229190,945,2020년 1분기
흰여울문화마을,인천,11638955,905,2020년 1분기
흰여울문화마을,경북,8459726,680,2020년 1분기
흰여울문화마을,충북,6090408,531,2020년 1분기
흰여울문화마을,울산,6975555,520,2020년 1분기
흰여울문화마을,대전,4493860,415,2020년 1분기
흰여울문화마을,충남,4265245,350,2020년 1분기
흰여울문화마을,전북,4390130,310,2020년 1분기
흰여울문화마을,광주,3667440,300,2020년 1분기
흰여울문화마을,전남,3896255,265,2020년 1분기
흰여울문화마을,강원,3182065,260,2020년 1분기
흰여울문화마을,제주,1211120,85,2020년 1분기
흰여울문화마을,세종,891645,70,2020년 1분기
BIFF광장&용두산공원&보수동책방골목,경남,636326521,28205,2020년 2분기
BIFF광장&용두산공원&보수동책방골목,서울,264211368,15042,2020년 2분기
BIFF광장&용두산공원&보수동책방골목,경기,263115082,13988,2020년 2분기
BIFF광장&용두산공원&보수동책방골목,울산,142639011,6567,2020년 2분기
BIFF광장&용두산공원&보수동책방골목,경북,124449796,5810,2020년 2분기
BIFF광장&용두산공원&보수동책방골목,대구,88172042,4869,2020년 2분기
BIFF광장&용두산공원&보수동책방골목,인천,61114089,3526,2020년 2분기
BIFF광장&용두산공원&보수동책방골목,충남,36877414,2080,2020년 2분기
BIFF광장&용두산공원&보수동책방골목,충북,33816654,1650,2020년 2분기
BIFF광장&용두산공원&보수동책방골목,전남,34412505,1542,2020년 2분기
BIFF광장&용두산공원&보수동책방골목,대전,29084336,1510,2020년 2분기
BIFF광장&용두산공원&보수동책방골목,강원,31028943,1485,2020년 2분기
BIFF광장&용두산공원&보수동책방골목,제주,24513894,1140,2020년 2분기
BIFF광장&용두산공원&보수동책방골목,전북,16806519,1055,2020년 2분기
BIFF광장&용두산공원&보수동책방골목,광주,18632573,1005,2020년 2분기
BIFF광장&용두산공원&보수동책방골목,세종,7021033,420,2020년 2분기
감천문화마을,서울,40359484,3089,2020년 2분기
감천문화마을,경기,27639377,2637,2020년 2분기
감천문화마을,경남,15240957,1280,2020년 2분기
감천문화마을,인천,6238502,640,2020년 2분기
감천문화마을,대구,5643636,610,2020년 2분기
감천문화마을,경북,5319765,475,2020년 2분기
감천문화마을,울산,3583375,320,2020년 2분기
감천문화마을,충북,3359841,315,2020년 2분기
감천문화마을,대전,3399488,295,2020년 2분기
감천문화마을,충남,3312305,290,2020년 2분기
감천문화마을,강원,3211077,215,2020년 2분기
감천문화마을,광주,1835911,205,2020년 2분기
감천문화마을,제주,2317761,175,2020년 2분기
감천문화마을,전남,1912264,165,2020년 2분기
감천문화마을,전북,1954313,165,2020년 2분기
감천문화마을,세종,1108980,90,2020년 2분기
광안리해수욕장,서울,1836248020,71962,2020년 2분기
광안리해수욕장,경남,1728293539,63021,2020년 2분기
광안리해수욕장,경기,1530530098,60236,2020년 2분기
광안리해수욕장,대구,574080242,22155,2020년 2분기
광안리해수욕장,울산,515995815,19406,2020년 2분기
광안리해수욕장,경북,475380280,18376,2020년 2분기
광안리해수욕장,인천,298530778,12625,2020년 2분기
광안리해수욕장,충북,171779589,7010,2020년 2분기
광안리해수욕장,대전,177076920,6903,2020년 2분기
광안리해수욕장,충남,158510697,5695,2020년 2분기
광안리해수욕장,전남,131369274,4790,2020년 2분기
광안리해수욕장,광주,117300849,4476,2020년 2분기
광안리해수욕장,강원,118406781,3709,2020년 2분기
광안리해수욕장,전북,97058861,3418,2020년 2분기
광안리해수욕장,제주,65305455,2311,2020년 2분기
광안리해수욕장,세종,43463882,1365,2020년 2분기
국립해양박물관,경남,2799769,215,2020년 2분기
국립해양박물관,경기,1153838,80,2020년 2분기
국립해양박물관,경북,380695,50,2020년 2분기
국립해양박물관,서울,530418,45,2020년 2분기
국립해양박물관,울산,517643,40,2020년 2분기
국립해양박물관,충남,148190,30,2020년 2분기
국립해양박물관,대구,319375,20,2020년 2분기
국립해양박물관,전남,275940,15,2020년 2분기
국립해양박물관,충북,219730,15,2020년 2분기
국립해양박물관,대전,273385,10,2020년 2분기
국립해양박물관,인천,58765,10,2020년 2분기
국립해양박물관,전북,45990,5,2020년 2분기
"다대포 해수욕장(꿈의 낙조분수, 몰운대)",경남,334597810,18419,2020년 2분기
"다대포 해수욕장(꿈의 낙조분수, 몰운대)",경기,95561974,5089,2020년 2분기
"다대포 해수욕장(꿈의 낙조분수, 몰운대)",서울,84733853,4892,2020년 2분기
"다대포 해수욕장(꿈의 낙조분수, 몰운대)",울산,49809962,2645,2020년 2분기
"다대포 해수욕장(꿈의 낙조분수, 몰운대)",대구,41748785,2502,2020년 2분기
"다대포 해수욕장(꿈의 낙조분수, 몰운대)",경북,46385847,2391,2020년 2분기
"다대포 해수욕장(꿈의 낙조분수, 몰운대)",전남,17054243,815,2020년 2분기
"다대포 해수욕장(꿈의 낙조분수, 몰운대)",인천,13790394,810,2020년 2분기
"다대포 해수욕장(꿈의 낙조분수, 몰운대)",강원,9657981,630,2020년 2분기
"다대포 해수욕장(꿈의 낙조분수, 몰운대)",충남,11273897,550,2020년 2분기
"다대포 해수욕장(꿈의 낙조분수, 몰운대)",충북,6598462,430,2020년 2분기
"다대포 해수욕장(꿈의 낙조분수, 몰운대)",제주,6773224,375,2020년 2분기
"다대포 해수욕장(꿈의 낙조분수, 몰운대)",대전,9009655,335,2020년 2분기
"다대포 해수욕장(꿈의 낙조분수, 몰운대)",광주,6649288,260,2020년 2분기
"다대포 해수욕장(꿈의 낙조분수, 몰운대)",전북,4163473,250,2020년 2분기
"다대포 해수욕장(꿈의 낙조분수, 몰운대)",세종,2587639,150,2020년 2분기
동백섬&누리마루APEC하우스,서울,581258033,11285,2020년 2분기
동백섬&누리마루APEC하우스,경기,382128135,8160,2020년 2분기
동백섬&누리마루APEC하우스,경남,291172939,4473,2020년 2분기
동백섬&누리마루APEC하우스,대구,121113806,2502,2020년 2분기
동백섬&누리마루APEC하우스,울산,103579238,2201,2020년 2분기
동백섬&누리마루APEC하우스,경북,78858696,1777,2020년 2분기
동백섬&누리마루APEC하우스,인천,59042298,132,2020년 2분기
동백섬&누리마루APEC하우스,대전,37213985,832,2020년 2분기
동백섬&누리마루APEC하우스,광주,35752635,776,2020년 2분기
동백섬&누리마루APEC하우스,충남,22206868,701,2020년 2분기
동백섬&누리마루APEC하우스,충북,31642891,676,2020년 2분기
동백섬&누리마루APEC하우스,강원,25800825,640,2020년 2분기
동백섬&누리마루APEC하우스,전남,20728229,531,2020년 2분기
동백섬&누리마루APEC하우스,전북,14982214,400,2020년 2분기
동백섬&누리마루APEC하우스,세종,12385617,225,2020년 2분기
동백섬&누리마루APEC하우스,제주,10659153,215,2020년 2분기
렛츠런파크,경남,633190,70,2020년 2분기
렛츠런파크,제주,65780,10,2020년 2분기
렛츠런파크,서울,22770,5,2020년 2분기
마린시티 카페거리,서울,514041136,12069,2020년 2분기
마린시티 카페거리,경기,369098398,8375,2020년 2분기
마린시티 카페거리,경남,226146775,5936,2020년 2분기
마린시티 카페거리,대구,118754316,2862,2020년 2분기
마린시티 카페거리,울산,92325602,2250,2020년 2분기
마린시티 카페거리,경북,82777538,1920,2020년 2분기
마린시티 카페거리,인천,41396093,1035,2020년 2분기
마린시티 카페거리,충북,33547687,896,2020년 2분기
마린시티 카페거리,충남,38767466,796,2020년 2분기
마린시티 카페거리,대전,38865137,775,2020년 2분기
마린시티 카페거리,전남,26170732,600,2020년 2분기
마린시티 카페거리,강원,19205821,545,2020년 2분기
마린시티 카페거리,전북,17859045,470,2020년 2분기
마린시티 카페거리,광주,18530378,450,2020년 2분기
마린시티 카페거리,세종,18314698,380,2020년 2분기
마린시티 카페거리,제주,7197645,330,2020년 2분기
부산서면,경남,31467363467,598556,2020년 2분기
부산서면,서울,4885038836,157892,2020년 2분기
부산서면,경기,3983815836,123923,2020년 2분기
부산서면,울산,5644833748,117989,2020년 2분기
부산서면,경북,3768593649,81654,2020년 2분기
부산서면,대구,2114582496,50039,2020년 2분기
부산서면,인천,903515926,29905,2020년 2분기
부산서면,전남,1197499570,22922,2020년 2분기
부산서면,제주,738952080,16435,2020년 2분기
부산서면,충북,517634876,15664,2020년 2분기
부산서면,강원,619546731,15611,2020년 2분기
부산서면,충남,533068123,15548,2020년 2분기
부산서면,대전,540903412,14082,2020년 2분기
부산서면,광주,417477404,11586,2020년 2분기
부산서면,전북,499504691,10990,2020년 2분기
부산서면,세종,130216687,2787,2020년 2분기
부산시민공원,경남,13573817,1987,2020년 2분기
부산시민공원,서울,2639127,480,2020년 2분기
부산시민공원,경기,2819612,395,2020년 2분기
부산시민공원,경북,2566306,365,2020년 2분기
부산시민공원,울산,2518153,350,2020년 2분기
부산시민공원,대구,1349098,200,2020년 2분기
부산시민공원,대전,478373,65,2020년 2분기
부산시민공원,인천,408300,60,2020년 2분기
부산시민공원,강원,396239,50,2020년 2분기
부산시민공원,전남,364096,50,2020년 2분기
부산시민공원,충남,276036,50,2020년 2분기
부산시민공원,세종,130180,45,2020년 2분기
부산시민공원,충북,411834,45,2020년 2분기
부산시민공원,전북,223563,25,2020년 2분기
부산시민공원,제주,93088,25,2020년 2분기
부산시민공원,광주,70518,15,2020년 2분기
센텀시티(신세계센텀 등),경남,37939317846,264313,2020년 2분기
센텀시티(신세계센텀 등),서울,8167159479,105403,2020년 2분기
센텀시티(신세계센텀 등),울산,13308770907,83154,2020년 2분기
센텀시티(신세계센텀 등),경기,5217122851,76343,2020년 2분기
센텀시티(신세계센텀 등),경북,7492504541,47464,2020년 2분기
센텀시티(신세계센텀 등),대구,5995759246,40234,2020년 2분기
센텀시티(신세계센텀 등),인천,897561843,11606,2020년 2분기
센텀시티(신세계센텀 등),전남,2917891805,10480,2020년 2분기
센텀시티(신세계센텀 등),광주,2893831263,8467,2020년 2분기
센텀시티(신세계센텀 등),충남,981496875,7617,2020년 2분기
센텀시티(신세계센텀 등),대전,597212542,7544,2020년 2분기
센텀시티(신세계센텀 등),강원,492887259,7188,2020년 2분기
센텀시티(신세계센텀 등),제주,818263333,6015,2020년 2분기
센텀시티(신세계센텀 등),충북,684470798,5790,2020년 2분기
센텀시티(신세계센텀 등),전북,997844042,4800,2020년 2분기
센텀시티(신세계센텀 등),세종,153065278,2125,2020년 2분기
송도해수욕장,경남,370025691,15709,2020년 2분기
송도해수욕장,경기,357268995,13982,2020년 2분기
송도해수욕장,서울,322517244,13715,2020년 2분기
송도해수욕장,대구,161110935,6007,2020년 2분기
송도해수욕장,울산,133388071,5373,2020년 2분기
송도해수욕장,경북,132275042,4833,2020년 2분기
송도해수욕장,인천,67630712,2895,2020년 2분기
송도해수욕장,충북,38915074,1680,2020년 2분기
송도해수욕장,충남,38892806,1445,2020년 2분기
송도해수욕장,대전,32364470,1256,2020년 2분기
송도해수욕장,강원,26738286,1016,2020년 2분기
송도해수욕장,광주,19122165,955,2020년 2분기
송도해수욕장,전남,28716877,880,2020년 2분기
송도해수욕장,전북,22580803,605,2020년 2분기
송도해수욕장,제주,15536764,520,2020년 2분기
송도해수욕장,세종,10587970,455,2020년 2분기
송정해수욕장,경남,155915244,11520,2020년 2분기
송정해수욕장,서울,102620005,6123,2020년 2분기
송정해수욕장,경기,94868308,5722,2020년 2분기
송정해수욕장,울산,74972401,5166,2020년 2분기
송정해수욕장,대구,463166661,2683,2020년 2분기
송정해수욕장,경북,364477466,2257,2020년 2분기
송정해수욕장,인천,16114914,915,2020년 2분기
송정해수욕장,충북,9518820,695,2020년 2분기
송정해수욕장,대전,8953200,640,2020년 2분기
송정해수욕장,강원,6756432,520,2020년 2분기
송정해수욕장,충남,8363379,480,2020년 2분기
송정해수욕장,전남,7801516,470,2020년 2분기
송정해수욕장,전북,4564912,265,2020년 2분기
송정해수욕장,광주,4938643,255,2020년 2분기
송정해수욕장,제주,4582504,160,2020년 2분기
송정해수욕장,세종,2898827,125,2020년 2분기
오륙도&이기대 갈맷길,경남,359853812,6886,2020년 2분기
오륙도&이기대 갈맷길,서울,80452146,3102,2020년 2분기
오륙도&이기대 갈맷길,경기,81764893,2678,2020년 2분기
오륙도&이기대 갈맷길,울산,40216130,1585,2020년 2분기
오륙도&이기대 갈맷길,대구,15449758,1195,2020년 2분기
오륙도&이기대 갈맷길,경북,35080594,1020,2020년 2분기
오륙도&이기대 갈맷길,강원,17115967,436,2020년 2분기
오륙도&이기대 갈맷길,인천,10273451,415,2020년 2분기
오륙도&이기대 갈맷길,전남,11902137,385,2020년 2분기
오륙도&이기대 갈맷길,대전,6086691,350,2020년 2분기
오륙도&이기대 갈맷길,충북,7456971,235,2020년 2분기
오륙도&이기대 갈맷길,충남,4842100,210,2020년 2분기
오륙도&이기대 갈맷길,전북,3131390,185,2020년 2분기
오륙도&이기대 갈맷길,광주,5344365,135,2020년 2분기
오륙도&이기대 갈맷길,세종,2052505,110,2020년 2분기
오륙도&이기대 갈맷길,제주,7661801,85,2020년 2분기
을숙도,경남,11134454,3090,2020년 2분기
을숙도,서울,2451926,670,2020년 2분기
을숙도,경기,1643397,415,2020년 2분기
을숙도,울산,1337841,390,2020년 2분기
을숙도,경북,583806,225,2020년 2분기
을숙도,대구,992027,180,2020년 2분기
을숙도,전남,317548,135,2020년 2분기
을숙도,대전,665744,105,2020년 2분기
을숙도,인천,416752,105,2020년 2분기
을숙도,제주,330106,85,2020년 2분기
을숙도,충남,132820,45,2020년 2분기
을숙도,강원,149212,40,2020년 2분기
을숙도,광주,140014,40,2020년 2분기
을숙도,충북,145335,35,2020년 2분기
을숙도,전북,43360,15,2020년 2분기
을숙도,세종,22484,10,2020년 2분기
일광해수욕장,경남,116094749,5164,2020년 2분기
일광해수욕장,울산,55214956,2414,2020년 2분기
일광해수욕장,서울,30654875,1417,2020년 2분기
일광해수욕장,경기,28378687,1301,2020년 2분기
일광해수욕장,대구,23451624,890,2020년 2분기
일광해수욕장,경북,17951650,681,2020년 2분기
일광해수욕장,전남,7399929,637,2020년 2분기
일광해수욕장,인천,5877303,210,2020년 2분기
일광해수욕장,충북,2666337,141,2020년 2분기
일광해수욕장,강원,2801340,140,2020년 2분기
일광해수욕장,광주,2091267,115,2020년 2분기
일광해수욕장,대전,2716304,110,2020년 2분기
일광해수욕장,전북,2123876,95,2020년 2분기
일광해수욕장,충남,2282227,95,2020년 2분기
일광해수욕장,세종,848107,65,2020년 2분기
일광해수욕장,제주,749012,55,2020년 2분기
자갈치·국제시장·부평깡통야시장,경남,3066594183,66395,2020년 2분기
자갈치·국제시장·부평깡통야시장,서울,1308582763,38481,2020년 2분기
자갈치·국제시장·부평깡통야시장,경기,1257846611,36191,2020년 2분기
자갈치·국제시장·부평깡통야시장,울산,702663230,17603,2020년 2분기
자갈치·국제시장·부평깡통야시장,경북,578073250,14721,2020년 2분기
자갈치·국제시장·부평깡통야시장,대구,400102173,11232,2020년 2분기
자갈치·국제시장·부평깡통야시장,인천,295466683,8305,2020년 2분기
자갈치·국제시장·부평깡통야시장,전남,200727780,4877,2020년 2분기
자갈치·국제시장·부평깡통야시장,충북,161877614,4822,2020년 2분기
자갈치·국제시장·부평깡통야시장,충남,169256550,4246,2020년 2분기
자갈치·국제시장·부평깡통야시장,대전,167079143,4021,2020년 2분기
자갈치·국제시장·부평깡통야시장,강원,106952012,3037,2020년 2분기
자갈치·국제시장·부평깡통야시장,제주,153145054,2475,2020년 2분기
자갈치·국제시장·부평깡통야시장,전북,82610377,2435,2020년 2분기
자갈치·국제시장·부평깡통야시장,광주,90583231,2279,2020년 2분기
자갈치·국제시장·부평깡통야시장,세종,48768680,1065,2020년 2분기
전포카페거리,경남,1143888990,53886,2020년 2분기
전포카페거리,서울,323472427,15192,2020년 2분기
전포카페거리,울산,220246746,13105,2020년 2분기
전포카페거리,경기,251541068,11415,2020년 2분기
전포카페거리,경북,190262924,7539,2020년 2분기
전포카페거리,대구,126607920,6094,2020년 2분기
전포카페거리,인천,53191730,3090,2020년 2분기
전포카페거리,전남,37740281,2003,2020년 2분기
전포카페거리,강원,37078661,1325,2020년 2분기
전포카페거리,대전,24721836,1315,2020년 2분기
전포카페거리,충북,23534510,1296,2020년 2분기
전포카페거리,광주,17400883,1120,2020년 2분기
전포카페거리,제주,23699746,1080,2020년 2분기
전포카페거리,충남,34761873,910,2020년 2분기
전포카페거리,전북,15467218,820,2020년 2분기
전포카페거리,세종,3853620,230,2020년 2분기
태종대,경남,102171810,4341,2020년 2분기
태종대,경기,69196870,4235,2020년 2분기
태종대,서울,62255906,4139,2020년 2분기
태종대,대구,46345077,1774,2020년 2분기
태종대,울산,35290465,1545,2020년 2분기
태종대,경북,29342404,1287,2020년 2분기
태종대,인천,11498647,885,2020년 2분기
태종대,대전,9286895,605,2020년 2분기
태종대,충북,10292528,475,2020년 2분기
태종대,충남,6817911,436,2020년 2분기
태종대,강원,7364277,355,2020년 2분기
태종대,전남,6281027,295,2020년 2분기
태종대,광주,4451869,230,2020년 2분기
태종대,전북,4635388,230,2020년 2분기
태종대,세종,1143107,85,2020년 2분기
태종대,제주,4063498,80,2020년 2분기
해운대해수욕장,서울,2393648168,56522,2020년 2분기
해운대해수욕장,경기,1626163134,43573,2020년 2분기
해운대해수욕장,경남,1133308895,27008,2020년 2분기
해운대해수욕장,대구,652442514,14351,2020년 2분기
해운대해수욕장,울산,481845418,10496,2020년 2분기
해운대해수욕장,경북,355058678,9392,2020년 2분기
해운대해수욕장,인천,281413833,8142,2020년 2분기
해운대해수욕장,대전,181392092,4197,2020년 2분기
해운대해수욕장,충북,147713184,3937,2020년 2분기
해운대해수욕장,충남,122399416,3372,2020년 2분기
해운대해수욕장,광주,115800119,3311,2020년 2분기
해운대해수욕장,전남,133660136,3033,2020년 2분기
해운대해수욕장,강원,64206949,2233,2020년 2분기
해운대해수욕장,전북,94717751,2032,2020년 2분기
해운대해수욕장,세종,76503020,1749,2020년 2분기
해운대해수욕장,제주,53975857,1115,2020년 2분기
흰여울문화마을,서울,50479115,4006,2020년 2분기
흰여울문화마을,경기,41610200,3298,2020년 2분기
흰여울문화마을,경남,32734478,2351,2020년 2분기
흰여울문화마을,대구,17369326,1280,2020년 2분기
흰여울문화마을,경북,12269228,880,2020년 2분기
흰여울문화마을,울산,9983654,765,2020년 2분기
흰여울문화마을,인천,9010565,715,2020년 2분기
흰여울문화마을,대전,4784584,400,2020년 2분기
흰여울문화마을,충북,4216447,315,2020년 2분기
흰여울문화마을,충남,3502779,290,2020년 2분기
흰여울문화마을,광주,3055695,255,2020년 2분기
흰여울문화마을,강원,2630792,185,2020년 2분기
흰여울문화마을,전남,2355482,175,2020년 2분기
흰여울문화마을,전북,2371286,155,2020년 2분기
흰여울문화마을,세종,845888,70,2020년 2분기
흰여울문화마을,제주,619554,55,2020년 2분기
BIFF광장&용두산공원&보수동책방골목,서울,417355586,27709,2020년 3분기
BIFF광장&용두산공원&보수동책방골목,경기,428220083,27404,2020년 3분기
BIFF광장&용두산공원&보수동책방골목,경남,487122230,24316,2020년 3분기
BIFF광장&용두산공원&보수동책방골목,인천,111966041,6495,2020년 3분기
BIFF광장&용두산공원&보수동책방골목,경북,119913333,6254,2020년 3분기
BIFF광장&용두산공원&보수동책방골목,울산,118973242,5954,2020년 3분기
BIFF광장&용두산공원&보수동책방골목,대구,81036498,5135,2020년 3분기
BIFF광장&용두산공원&보수동책방골목,충남,53109831,3203,2020년 3분기
BIFF광장&용두산공원&보수동책방골목,충북,46849176,2920,2020년 3분기
BIFF광장&용두산공원&보수동책방골목,대전,36514008,2366,2020년 3분기
BIFF광장&용두산공원&보수동책방골목,전남,37863831,2329,2020년 3분기
BIFF광장&용두산공원&보수동책방골목,강원,35723627,2100,2020년 3분기
BIFF광장&용두산공원&보수동책방골목,광주,26993450,1525,2020년 3분기
BIFF광장&용두산공원&보수동책방골목,제주,29124637,1485,2020년 3분기
BIFF광장&용두산공원&보수동책방골목,전북,19818985,1150,2020년 3분기
BIFF광장&용두산공원&보수동책방골목,세종,9199683,465,2020년 3분기
감천문화마을,경기,44881745,4808,2020년 3분기
감천문화마을,서울,52455531,4661,2020년 3분기
감천문화마을,인천,39944565,1255,2020년 3분기
감천문화마을,경남,10338501,1085,2020년 3분기
감천문화마을,대구,6679998,640,2020년 3분기
감천문화마을,충북,4900746,540,2020년 3분기
감천문화마을,대전,4155043,465,2020년 3분기
감천문화마을,충남,4027702,425,2020년 3분기
감천문화마을,경북,5137901,425,2020년 3분기
감천문화마을,강원,5071064,415,2020년 3분기
감천문화마을,울산,2984751,350,2020년 3분기
감천문화마을,광주,2009865,220,2020년 3분기
감천문화마을,전북,2433893,200,2020년 3분기
감천문화마을,전남,1195740,165,2020년 3분기
감천문화마을,제주,1808429,165,2020년 3분기
감천문화마을,세종,1043053,105,2020년 3분기
광안리해수욕장,서울,3209698467,126190,2020년 3분기
광안리해수욕장,경기,2791512555,113616,2020년 3분기
광안리해수욕장,경남,1833194359,62215,2020년 3분기
광안리해수욕장,대구,681765518,26901,2020년 3분기
광안리해수욕장,인천,605482129,24749,2020년 3분기
광안리해수욕장,경북,540494004,20853,2020년 3분기
광안리해수욕장,울산,528087306,20200,2020년 3분기
광안리해수욕장,충북,347944897,13775,2020년 3분기
광안리해수욕장,대전,282793568,11455,2020년 3분기
광안리해수욕장,충남,236438781,8726,2020년 3분기
광안리해수욕장,광주,240744923,8471,2020년 3분기
광안리해수욕장,전남,174640006,6614,2020년 3분기
광안리해수욕장,강원,193745799,6562,2020년 3분기
광안리해수욕장,전북,136176298,5564,2020년 3분기
광안리해수욕장,제주,52144645,2122,2020년 3분기
광안리해수욕장,세종,52930569,1801,2020년 3분기
국립해양박물관,경남,3202924,270,2020년 3분기
국립해양박물관,경기,3135674,245,2020년 3분기
국립해양박물관,서울,2575705,195,2020년 3분기
국립해양박물관,대구,1278063,90,2020년 3분기
국립해양박물관,경북,965170,70,2020년 3분기
국립해양박물관,인천,990536,55,2020년 3분기
국립해양박물관,대전,634425,35,2020년 3분기
국립해양박물관,강원,298744,30,2020년 3분기
국립해양박물관,울산,431230,30,2020년 3분기
국립해양박물관,전북,229800,15,2020년 3분기
국립해양박물관,광주,81760,10,2020년 3분기
국립해양박물관,세종,255500,10,2020년 3분기
국립해양박물관,충남,117240,10,2020년 3분기
국립해양박물관,전남,43265,5,2020년 3분기
국립해양박물관,제주,89075,5,2020년 3분기
"다대포 해수욕장(꿈의 낙조분수, 몰운대)",경남,329150621,17804,2020년 3분기
"다대포 해수욕장(꿈의 낙조분수, 몰운대)",서울,136501930,8026,2020년 3분기
"다대포 해수욕장(꿈의 낙조분수, 몰운대)",경기,136731691,7601,2020년 3분기
"다대포 해수욕장(꿈의 낙조분수, 몰운대)",울산,48033233,2862,2020년 3분기
"다대포 해수욕장(꿈의 낙조분수, 몰운대)",대구,53554742,2801,2020년 3분기
"다대포 해수욕장(꿈의 낙조분수, 몰운대)",경북,50387954,2648,2020년 3분기
"다대포 해수욕장(꿈의 낙조분수, 몰운대)",인천,2666604,1400,2020년 3분기
"다대포 해수욕장(꿈의 낙조분수, 몰운대)",강원,16703095,846,2020년 3분기
"다대포 해수욕장(꿈의 낙조분수, 몰운대)",충남,11071913,645,2020년 3분기
"다대포 해수욕장(꿈의 낙조분수, 몰운대)",대전,11745998,640,2020년 3분기
"다대포 해수욕장(꿈의 낙조분수, 몰운대)",충북,15608079,575,2020년 3분기
"다대포 해수욕장(꿈의 낙조분수, 몰운대)",광주,8744494,490,2020년 3분기
"다대포 해수욕장(꿈의 낙조분수, 몰운대)",전남,11525288,470,2020년 3분기
"다대포 해수욕장(꿈의 낙조분수, 몰운대)",제주,9109066,460,2020년 3분기
"다대포 해수욕장(꿈의 낙조분수, 몰운대)",전북,7775230,375,2020년 3분기
"다대포 해수욕장(꿈의 낙조분수, 몰운대)",세종,5719352,185,2020년 3분기
동백섬&누리마루APEC하우스,서울,1226345595,23048,2020년 3분기
동백섬&누리마루APEC하우스,경기,930360486,20067,2020년 3분기
동백섬&누리마루APEC하우스,경남,265643386,5464,2020년 3분기
동백섬&누리마루APEC하우스,대구,222020423,3793,2020년 3분기
동백섬&누리마루APEC하우스,인천,140726065,3443,2020년 3분기
동백섬&누리마루APEC하우스,울산,115691059,2467,2020년 3분기
동백섬&누리마루APEC하우스,경북,101211301,2455,2020년 3분기
동백섬&누리마루APEC하우스,대전,86141051,1922,2020년 3분기
동백섬&누리마루APEC하우스,충북,75100984,1784,2020년 3분기
동백섬&누리마루APEC하우스,충남,51253822,1518,2020년 3분기
동백섬&누리마루APEC하우스,광주,64767393,1408,2020년 3분기
동백섬&누리마루APEC하우스,전북,38588609,1051,2020년 3분기
동백섬&누리마루APEC하우스,강원,32830858,965,2020년 3분기
동백섬&누리마루APEC하우스,전남,40544066,881,2020년 3분기
동백섬&누리마루APEC하우스,세종,35358286,555,2020년 3분기
동백섬&누리마루APEC하우스,제주,6669867,180,2020년 3분기
렛츠런파크,경남,1857295,60,2020년 3분기
렛츠런파크,서울,211835,40,2020년 3분기
렛츠런파크,대구,554435,25,2020년 3분기
렛츠런파크,경기,171185,5,2020년 3분기
마린시티 카페거리,서울,1041830776,23789,2020년 3분기
마린시티 카페거리,경기,732937531,16828,2020년 3분기
마린시티 카페거리,경남,298374615,6873,2020년 3분기
마린시티 카페거리,대구,181357323,4147,2020년 3분기
마린시티 카페거리,경북,128343068,2711,2020년 3분기
마린시티 카페거리,울산,108141787,2575,2020년 3분기
마린시티 카페거리,인천,123160516,2450,2020년 3분기
마린시티 카페거리,대전,99297155,2055,2020년 3분기
마린시티 카페거리,충북,81893112,1910,2020년 3분기
마린시티 카페거리,충남,76161166,1437,2020년 3분기
마린시티 카페거리,광주,57402991,1041,2020년 3분기
마린시티 카페거리,전남,59785205,1020,2020년 3분기
마린시티 카페거리,세종,50892785,790,2020년 3분기
마린시티 카페거리,전북,31803050,720,2020년 3분기
마린시티 카페거리,강원,37058899,710,2020년 3분기
마린시티 카페거리,제주,13232192,355,2020년 3분기
부산서면,경남,33652037722,602698,2020년 3분기
부산서면,서울,6853467093,234122,2020년 3분기
부산서면,경기,5893295519,179835,2020년 3분기
부산서면,울산,5643736848,121633,2020년 3분기
부산서면,경북,4155045669,89179,2020년 3분기
부산서면,대구,2318430594,55668,2020년 3분기
부산서면,인천,1366888237,43361,2020년 3분기
부산서면,전남,1326893362,29213,2020년 3분기
부산서면,충북,767524481,20859,2020년 3분기
부산서면,대전,677438079,19785,2020년 3분기
부산서면,충남,639194277,19450,2020년 3분기
부산서면,강원,673212802,17308,2020년 3분기
부산서면,제주,777984426,16582,2020년 3분기
부산서면,광주,639106843,16228,2020년 3분기
부산서면,전북,533837766,13005,2020년 3분기
부산서면,세종,189021851,4231,2020년 3분기
부산시민공원,경남,5962153,850,2020년 3분기
부산시민공원,서울,1918882,300,2020년 3분기
부산시민공원,경기,1975387,260,2020년 3분기
부산시민공원,울산,1458894,220,2020년 3분기
부산시민공원,경북,904548,170,2020년 3분기
부산시민공원,대구,965629,95,2020년 3분기
부산시민공원,인천,412213,50,2020년 3분기
부산시민공원,충북,257760,45,2020년 3분기
부산시민공원,충남,239910,35,2020년 3분기
부산시민공원,강원,122640,25,2020년 3분기
부산시민공원,세종,102200,25,2020년 3분기
부산시민공원,전남,137710,25,2020년 3분기
부산시민공원,광주,28065,15,2020년 3분기
부산시민공원,전북,60298,15,2020년 3분기
부산시민공원,대전,45810,5,2020년 3분기
부산시민공원,제주,70242,5,2020년 3분기
센텀시티(신세계센텀 등),경남,39162537952,272123,2020년 3분기
센텀시티(신세계센텀 등),서울,9457498155,151772,2020년 3분기
센텀시티(신세계센텀 등),경기,7315541500,114774,2020년 3분기
센텀시티(신세계센텀 등),울산,13076532145,87008,2020년 3분기
센텀시티(신세계센텀 등),경북,7381216102,50372,2020년 3분기
센텀시티(신세계센텀 등),대구,6345931493,43865,2020년 3분기
센텀시티(신세계센텀 등),인천,1253381923,21171,2020년 3분기
센텀시티(신세계센텀 등),광주,3704014007,14328,2020년 3분기
센텀시티(신세계센텀 등),전남,3334515865,14115,2020년 3분기
센텀시티(신세계센텀 등),대전,1370838304,12311,2020년 3분기
센텀시티(신세계센텀 등),충북,1251720626,12216,2020년 3분기
센텀시티(신세계센텀 등),충남,842843872,10984,2020년 3분기
센텀시티(신세계센텀 등),강원,810893055,10649,2020년 3분기
센텀시티(신세계센텀 등),전북,1791615250,8097,2020년 3분기
센텀시티(신세계센텀 등),제주,882850059,6460,2020년 3분기
센텀시티(신세계센텀 등),세종,307465520,3431,2020년 3분기
송도해수욕장,경기,846614065,33234,2020년 3분기
송도해수욕장,서울,762717018,31094,2020년 3분기
송도해수욕장,경남,437895275,18725,2020년 3분기
송도해수욕장,대구,222678473,8204,2020년 3분기
송도해수욕장,인천,193131833,7805,2020년 3분기
송도해수욕장,경북,185839829,6901,2020년 3분기
송도해수욕장,울산,157057408,6207,2020년 3분기
송도해수욕장,충북,102252876,4029,2020년 3분기
송도해수욕장,충남,91843954,3274,2020년 3분기
송도해수욕장,대전,78609245,3126,2020년 3분기
송도해수욕장,강원,49849588,2003,2020년 3분기
송도해수욕장,광주,45345370,1868,2020년 3분기
송도해수욕장,전남,41789296,1425,2020년 3분기
송도해수욕장,전북,32607458,1346,2020년 3분기
송도해수욕장,세종,19681198,760,2020년 3분기
송도해수욕장,제주,14645590,600,2020년 3분기
송정해수욕장,경남,202831094,14565,2020년 3분기
송정해수욕장,서울,174252243,10847,2020년 3분기
송정해수욕장,경기,150374790,9629,2020년 3분기
송정해수욕장,울산,72717269,5290,2020년 3분기
송정해수욕장,대구,65226640,3541,2020년 3분기
송정해수욕장,경북,49377033,2829,2020년 3분기
송정해수욕장,인천,29385842,2066,2020년 3분기
송정해수욕장,충북,22411614,1271,2020년 3분기
송정해수욕장,대전,15138327,1096,2020년 3분기
송정해수욕장,충남,12576991,785,2020년 3분기
송정해수욕장,전남,10161569,575,2020년 3분기
송정해수욕장,광주,8974044,555,2020년 3분기
송정해수욕장,전북,8113465,516,2020년 3분기
송정해수욕장,강원,7591108,445,2020년 3분기
송정해수욕장,세종,5395037,285,2020년 3분기
송정해수욕장,제주,2401717,155,2020년 3분기
오륙도&이기대 갈맷길,경남,317425011,7447,2020년 3분기
오륙도&이기대 갈맷길,서울,150383415,4904,2020년 3분기
오륙도&이기대 갈맷길,경기,148033982,4759,2020년 3분기
오륙도&이기대 갈맷길,울산,55855294,1650,2020년 3분기
오륙도&이기대 갈맷길,경북,42495712,1280,2020년 3분기
오륙도&이기대 갈맷길,대구,20795972,1121,2020년 3분기
오륙도&이기대 갈맷길,인천,17536933,1020,2020년 3분기
오륙도&이기대 갈맷길,충남,9511950,591,2020년 3분기
오륙도&이기대 갈맷길,대전,6925635,430,2020년 3분기
오륙도&이기대 갈맷길,충북,7576633,425,2020년 3분기
오륙도&이기대 갈맷길,전남,15424411,395,2020년 3분기
오륙도&이기대 갈맷길,강원,14349131,385,2020년 3분기
오륙도&이기대 갈맷길,광주,12233751,275,2020년 3분기
오륙도&이기대 갈맷길,전북,12074797,275,2020년 3분기
오륙도&이기대 갈맷길,세종,2913972,180,2020년 3분기
오륙도&이기대 갈맷길,제주,4280502,75,2020년 3분기
을숙도,경남,7524383,2090,2020년 3분기
을숙도,서울,2164314,540,2020년 3분기
을숙도,경기,2046406,410,2020년 3분기
을숙도,울산,542212,190,2020년 3분기
을숙도,대구,385987,150,2020년 3분기
을숙도,경북,503067,125,2020년 3분기
을숙도,전남,104333,65,2020년 3분기
을숙도,충북,263555,65,2020년 3분기
을숙도,충남,360595,55,2020년 3분기
을숙도,대전,109060,50,2020년 3분기
을숙도,인천,453516,50,2020년 3분기
을숙도,강원,105948,40,2020년 3분기
을숙도,광주,91201,30,2020년 3분기
을숙도,세종,2036,5,2020년 3분기
을숙도,제주,6617,5,2020년 3분기
일광해수욕장,경남,114448668,5209,2020년 3분기
일광해수욕장,경기,46521518,2291,2020년 3분기
일광해수욕장,서울,50599112,2278,2020년 3분기
일광해수욕장,울산,50765913,2166,2020년 3분기
일광해수욕장,대구,28735741,1065,2020년 3분기
일광해수욕장,경북,21427084,820,2020년 3분기
일광해수욕장,전남,7985582,722,2020년 3분기
일광해수욕장,인천,7807640,425,2020년 3분기
일광해수욕장,광주,5902468,340,2020년 3분기
일광해수욕장,충북,5727504,270,2020년 3분기
일광해수욕장,대전,6211766,235,2020년 3분기
일광해수욕장,전북,4690120,210,2020년 3분기
일광해수욕장,충남,3522403,180,2020년 3분기
일광해수욕장,강원,2506382,110,2020년 3분기
일광해수욕장,세종,1988182,110,2020년 3분기
일광해수욕장,제주,1280198,60,2020년 3분기
자갈치·국제시장·부평깡통야시장,경기,2023270942,63363,2020년 3분기
자갈치·국제시장·부평깡통야시장,서울,1966039906,62545,2020년 3분기
자갈치·국제시장·부평깡통야시장,경남,2573259368,58308,2020년 3분기
자갈치·국제시장·부평깡통야시장,인천,516749855,15461,2020년 3분기
자갈치·국제시장·부평깡통야시장,울산,641141689,14952,2020년 3분기
자갈치·국제시장·부평깡통야시장,경북,563136011,14256,2020년 3분기
자갈치·국제시장·부평깡통야시장,대구,400542667,11270,2020년 3분기
자갈치·국제시장·부평깡통야시장,충북,279798349,8508,2020년 3분기
자갈치·국제시장·부평깡통야시장,충남,237697503,6511,2020년 3분기
자갈치·국제시장·부평깡통야시장,대전,201269674,5773,2020년 3분기
자갈치·국제시장·부평깡통야시장,전남,219589478,5035,2020년 3분기
자갈치·국제시장·부평깡통야시장,강원,163292473,4744,2020년 3분기
자갈치·국제시장·부평깡통야시장,전북,127091044,3675,2020년 3분기
자갈치·국제시장·부평깡통야시장,광주,138491752,3543,2020년 3분기
자갈치·국제시장·부평깡통야시장,제주,109459403,2385,2020년 3분기
자갈치·국제시장·부평깡통야시장,세종,53839271,1671,2020년 3분기
전포카페거리,경남,1228530018,50611,2020년 3분기
전포카페거리,서울,535173110,25177,2020년 3분기
전포카페거리,경기,391998885,18778,2020년 3분기
전포카페거리,울산,233064167,11951,2020년 3분기
전포카페거리,경북,190952426,8270,2020년 3분기
전포카페거리,대구,194999107,6922,2020년 3분기
전포카페거리,인천,77519104,4806,2020년 3분기
전포카페거리,충북,44316218,3065,2020년 3분기
전포카페거리,전남,55214231,3009,2020년 3분기
전포카페거리,대전,31912264,2032,2020년 3분기
전포카페거리,제주,33799641,1892,2020년 3분기
전포카페거리,강원,27911232,1609,2020년 3분기
전포카페거리,광주,25143176,1606,2020년 3분기
전포카페거리,충남,31074154,1557,2020년 3분기
전포카페거리,전북,21059913,1065,2020년 3분기
전포카페거리,세종,17164483,375,2020년 3분기
태종대,경기,129160905,9038,2020년 3분기
태종대,서울,120796941,8577,2020년 3분기
태종대,경남,93485132,4021,2020년 3분기
태종대,인천,30213679,2197,2020년 3분기
태종대,대구,39168725,1714,2020년 3분기
태종대,경북,33298437,1451,2020년 3분기
태종대,울산,28361904,1336,2020년 3분기
태종대,대전,17068958,1015,2020년 3분기
태종대,충북,17546970,960,2020년 3분기
태종대,충남,10502059,716,2020년 3분기
태종대,강원,9612438,540,2020년 3분기
태종대,광주,8624620,530,2020년 3분기
태종대,전남,6478141,365,2020년 3분기
태종대,전북,4646334,350,2020년 3분기
태종대,세종,3690888,210,2020년 3분기
태종대,제주,940767,75,2020년 3분기
해운대해수욕장,서울,4637412660,106386,2020년 3분기
해운대해수욕장,경기,3298159429,83087,2020년 3분기
해운대해수욕장,경남,1378649904,30457,2020년 3분기
해운대해수욕장,대구,829018941,17897,2020년 3분기
해운대해수욕장,인천,585580085,14835,2020년 3분기
해운대해수욕장,울산,629050812,12914,2020년 3분기
해운대해수욕장,경북,566720426,11973,2020년 3분기
해운대해수욕장,충북,339605046,9522,2020년 3분기
해운대해수욕장,대전,359539250,8280,2020년 3분기
해운대해수욕장,광주,353215691,6731,2020년 3분기
해운대해수욕장,충남,291760357,6323,2020년 3분기
해운대해수욕장,전남,224185359,4221,2020년 3분기
해운대해수욕장,강원,167619447,4069,2020년 3분기
해운대해수욕장,전북,163421827,3660,2020년 3분기
해운대해수욕장,세종,88059936,2433,2020년 3분기
해운대해수욕장,제주,70313772,1625,2020년 3분기
흰여울문화마을,서울,116555405,9010,2020년 3분기
흰여울문화마을,경기,100469920,8119,2020년 3분기
흰여울문화마을,경남,30051832,2202,2020년 3분기
흰여울문화마을,인천,22977689,1840,2020년 3분기
흰여울문화마을,대구,17934929,1320,2020년 3분기
흰여울문화마을,충북,11102545,870,2020년 3분기
흰여울문화마을,경북,10930771,855,2020년 3분기
흰여울문화마을,대전,9475582,760,2020년 3분기
흰여울문화마을,울산,8488460,655,2020년 3분기
흰여울문화마을,충남,6462667,505,2020년 3분기
흰여울문화마을,광주,5018745,420,2020년 3분기
흰여울문화마을,전북,5566703,420,2020년 3분기
흰여울문화마을,강원,4951850,405,2020년 3분기
흰여울문화마을,전남,2639360,240,2020년 3분기
흰여울문화마을,세종,2116420,165,2020년 3분기
흰여울문화마을,제주,1310431,105,2020년 3분기
BIFF광장&용두산공원&보수동책방골목,경남,446863650,19766,2020년 4분기
BIFF광장&용두산공원&보수동책방골목,서울,272734039,16579,2020년 4분기
BIFF광장&용두산공원&보수동책방골목,경기,318369848,15638,2020년 4분기
BIFF광장&용두산공원&보수동책방골목,울산,103769858,5130,2020년 4분기
BIFF광장&용두산공원&보수동책방골목,경북,86917951,4368,2020년 4분기
BIFF광장&용두산공원&보수동책방골목,인천,65267485,3904,2020년 4분기
BIFF광장&용두산공원&보수동책방골목,대구,64243885,3490,2020년 4분기
BIFF광장&용두산공원&보수동책방골목,전남,41962455,1875,2020년 4분기
BIFF광장&용두산공원&보수동책방골목,강원,41853994,1795,2020년 4분기
BIFF광장&용두산공원&보수동책방골목,충남,34433738,1570,2020년 4분기
BIFF광장&용두산공원&보수동책방골목,대전,25643847,1525,2020년 4분기
BIFF광장&용두산공원&보수동책방골목,충북,34034945,1505,2020년 4분기
BIFF광장&용두산공원&보수동책방골목,제주,31893051,1327,2020년 4분기
BIFF광장&용두산공원&보수동책방골목,광주,21003532,990,2020년 4분기
BIFF광장&용두산공원&보수동책방골목,전북,14567200,730,2020년 4분기
BIFF광장&용두산공원&보수동책방골목,세종,5528765,270,2020년 4분기
감천문화마을,경기,75577195,7385,2020년 4분기
감천문화마을,서울,112943958,7378,2020년 4분기
감천문화마을,경남,14764454,1645,2020년 4분기
감천문화마을,인천,17018260,1435,2020년 4분기
감천문화마을,경북,8418199,810,2020년 4분기
감천문화마을,대구,7550774,735,2020년 4분기
감천문화마을,충북,7071892,720,2020년 4분기
감천문화마을,강원,6185298,590,2020년 4분기
감천문화마을,울산,31678394,585,2020년 4분기
감천문화마을,대전,6337502,575,2020년 4분기
감천문화마을,충남,5265709,500,2020년 4분기
감천문화마을,광주,3636751,375,2020년 4분기
감천문화마을,전남,2541106,320,2020년 4분기
감천문화마을,전북,3293337,225,2020년 4분기
감천문화마을,제주,2158387,215,2020년 4분기
감천문화마을,세종,425524,65,2020년 4분기
광안리해수욕장,서울,1969192339,78414,2020년 4분기
광안리해수욕장,경기,1656442276,66418,2020년 4분기
광안리해수욕장,경남,1361279297,46143,2020년 4분기
광안리해수욕장,대구,419644300,17087,2020년 4분기
광안리해수욕장,인천,413212775,15107,2020년 4분기
광안리해수욕장,경북,362069365,13796,2020년 4분기
광안리해수욕장,울산,378148822,13752,2020년 4분기
광안리해수욕장,충북,175860334,7339,2020년 4분기
광안리해수욕장,대전,170529437,6603,2020년 4분기
광안리해수욕장,광주,144394846,5655,2020년 4분기
광안리해수욕장,충남,152882803,5150,2020년 4분기
광안리해수욕장,전남,135204265,4703,2020년 4분기
광안리해수욕장,강원,124681539,4222,2020년 4분기
광안리해수욕장,전북,89109402,3237,2020년 4분기
광안리해수욕장,제주,66543524,2306,2020년 4분기
광안리해수욕장,세종,47940625,1417,2020년 4분기
광안리해수욕장,서울,1173337748,47006,2020년 4분기
광안리해수욕장,경기,928669900,42127,2020년 4분기
광안리해수욕장,경남,707112231,26400,2020년 4분기
광안리해수욕장,대구,292257606,11436,2020년 4분기
광안리해수욕장,인천,198093688,8471,2020년 4분기
광안리해수욕장,울산,187791842,7782,2020년 4분기
광안리해수욕장,경북,216020165,7764,2020년 4분기
광안리해수욕장,충북,112735897,4826,2020년 4분기
광안리해수욕장,대전,90469364,3831,2020년 4분기
광안리해수욕장,광주,90439852,3382,2020년 4분기
광안리해수욕장,충남,85077722,3273,2020년 4분기
광안리해수욕장,전남,66794923,2476,2020년 4분기
광안리해수욕장,강원,55419287,2315,2020년 4분기
광안리해수욕장,전북,70953135,2198,2020년 4분기
광안리해수욕장,제주,28354298,1075,2020년 4분기
광안리해수욕장,세종,18513917,916,2020년 4분기
국립해양박물관,경기,2317385,235,2020년 4분기
국립해양박물관,경남,2378705,200,2020년 4분기
국립해양박물관,서울,1771637,171,2020년 4분기
국립해양박물관,대구,511000,45,2020년 4분기
국립해양박물관,인천,1039119,35,2020년 4분기
국립해양박물관,울산,347991,30,2020년 4분기
국립해양박물관,충북,383250,30,2020년 4분기
국립해양박물관,경북,240170,25,2020년 4분기
국립해양박물관,광주,212065,20,2020년 4분기
국립해양박물관,충남,155855,15,2020년 4분기
국립해양박물관,강원,58765,10,2020년 4분기
국립해양박물관,대전,76650,10,2020년 4분기
국립해양박물관,전북,158410,10,2020년 4분기
"다대포 해수욕장(꿈의 낙조분수, 몰운대)",경남,233450219,12632,2020년 4분기
"다대포 해수욕장(꿈의 낙조분수, 몰운대)",서울,79221667,4885,2020년 4분기
"다대포 해수욕장(꿈의 낙조분수, 몰운대)",경기,88477055,4480,2020년 4분기
"다대포 해수욕장(꿈의 낙조분수, 몰운대)",울산,38296996,1882,2020년 4분기
"다대포 해수욕장(꿈의 낙조분수, 몰운대)",경북,34772122,1781,2020년 4분기
"다대포 해수욕장(꿈의 낙조분수, 몰운대)",대구,33901479,1511,2020년 4분기
"다대포 해수욕장(꿈의 낙조분수, 몰운대)",인천,14680214,750,2020년 4분기
"다대포 해수욕장(꿈의 낙조분수, 몰운대)",충남,21180849,485,2020년 4분기
"다대포 해수욕장(꿈의 낙조분수, 몰운대)",제주,10743673,405,2020년 4분기
"다대포 해수욕장(꿈의 낙조분수, 몰운대)",전북,5629841,381,2020년 4분기
"다대포 해수욕장(꿈의 낙조분수, 몰운대)",대전,8144933,380,2020년 4분기
"다대포 해수욕장(꿈의 낙조분수, 몰운대)",충북,8673459,325,2020년 4분기
"다대포 해수욕장(꿈의 낙조분수, 몰운대)",강원,5626723,321,2020년 4분기
"다대포 해수욕장(꿈의 낙조분수, 몰운대)",전남,5740778,315,2020년 4분기
"다대포 해수욕장(꿈의 낙조분수, 몰운대)",광주,4549587,295,2020년 4분기
"다대포 해수욕장(꿈의 낙조분수, 몰운대)",세종,670943,75,2020년 4분기
동백섬&누리마루APEC하우스,서울,779772627,12787,2020년 4분기
동백섬&누리마루APEC하우스,경기,589487296,9410,2020년 4분기
동백섬&누리마루APEC하우스,경남,181009402,3574,2020년 4분기
동백섬&누리마루APEC하우스,대구,193580779,2480,2020년 4분기
동백섬&누리마루APEC하우스,인천,77345068,1782,2020년 4분기
동백섬&누리마루APEC하우스,울산,72378611,1661,2020년 4분기
동백섬&누리마루APEC하우스,경북,72610825,1400,2020년 4분기
동백섬&누리마루APEC하우스,대전,71034347,1097,2020년 4분기
동백섬&누리마루APEC하우스,충북,35699437,871,2020년 4분기
동백섬&누리마루APEC하우스,광주,36802182,775,2020년 4분기
동백섬&누리마루APEC하우스,충남,40592605,755,2020년 4분기
동백섬&누리마루APEC하우스,강원,26405779,740,2020년 4분기
동백섬&누리마루APEC하우스,전남,35335254,615,2020년 4분기
동백섬&누리마루APEC하우스,전북,16648125,440,2020년 4분기
동백섬&누리마루APEC하우스,세종,10793242,325,2020년 4분기
동백섬&누리마루APEC하우스,제주,7741088,150,2020년 4분기
렛츠런파크,경남,3702195,372,2020년 4분기
렛츠런파크,서울,763945,90,2020년 4분기
렛츠런파크,대구,648970,40,2020년 4분기
렛츠런파크,울산,270830,25,2020년 4분기
렛츠런파크,경기,9213841,15,2020년 4분기
렛츠런파크,경북,3577011,5,2020년 4분기
렛츠런파크,대전,2420,5,2020년 4분기
마린시티 카페거리,서울,567385956,14720,2020년 4분기
마린시티 카페거리,경기,419924639,10449,2020년 4분기
마린시티 카페거리,경남,203709031,5414,2020년 4분기
마린시티 카페거리,대구,101025775,2417,2020년 4분기
마린시티 카페거리,경북,81673697,1850,2020년 4분기
마린시티 카페거리,인천,66684430,1825,2020년 4분기
마린시티 카페거리,울산,56752630,1671,2020년 4분기
마린시티 카페거리,대전,47711610,1181,2020년 4분기
마린시티 카페거리,충남,42955942,1046,2020년 4분기
마린시티 카페거리,충북,37703216,950,2020년 4분기
마린시티 카페거리,전남,37059308,685,2020년 4분기
마린시티 카페거리,광주,28812835,610,2020년 4분기
마린시티 카페거리,강원,24870778,565,2020년 4분기
마린시티 카페거리,전북,19072769,540,2020년 4분기
마린시티 카페거리,세종,18828362,415,2020년 4분기
마린시티 카페거리,제주,8003334,325,2020년 4분기
부산서면,경남,33539459191,509483,2020년 4분기
부산서면,서울,5173125756,162683,2020년 4분기
부산서면,경기,4144904544,116355,2020년 4분기
부산서면,울산,5433590961,103345,2020년 4분기
부산서면,경북,4222291214,69924,2020년 4분기
부산서면,대구,1727564291,43320,2020년 4분기
부산서면,인천,819535247,29639,2020년 4분기
부산서면,전남,1211408559,20918,2020년 4분기
부산서면,충북,550088282,15079,2020년 4분기
부산서면,제주,645096071,14547,2020년 4분기
부산서면,강원,623789579,14163,2020년 4분기
부산서면,대전,635914373,14078,2020년 4분기
부산서면,충남,439083286,13950,2020년 4분기
부산서면,전북,343658453,10080,2020년 4분기
부산서면,광주,421971724,10036,2020년 4분기
부산서면,세종,126163956,2830,2020년 4분기
부산시민공원,경남,11367964,1101,2020년 4분기
부산시민공원,서울,2428784,316,2020년 4분기
부산시민공원,경기,2002865,275,2020년 4분기
부산시민공원,울산,2110430,245,2020년 4분기
부산시민공원,경북,1221802,135,2020년 4분기
부산시민공원,대구,888885,125,2020년 4분기
부산시민공원,인천,306600,50,2020년 4분기
부산시민공원,충남,243236,50,2020년 4분기
부산시민공원,전남,288204,40,2020년 4분기
부산시민공원,제주,126728,35,2020년 4분기
부산시민공원,강원,243236,30,2020년 4분기
부산시민공원,충북,210277,30,2020년 4분기
부산시민공원,대전,143080,25,2020년 4분기
부산시민공원,광주,91980,20,2020년 4분기
부산시민공원,전북,107310,10,2020년 4분기
부산시민공원,세종,19418,5,2020년 4분기
센텀시티(신세계센텀 등),경남,40102374909,247003,2020년 4분기
센텀시티(신세계센텀 등),서울,9642547485,119719,2020년 4분기
센텀시티(신세계센텀 등),경기,6654385607,82975,2020년 4분기
센텀시티(신세계센텀 등),울산,14002329858,82275,2020년 4분기
센텀시티(신세계센텀 등),경북,8033763606,41934,2020년 4분기
센텀시티(신세계센텀 등),대구,6397020714,37764,2020년 4분기
센텀시티(신세계센텀 등),인천,1567142997,15722,2020년 4분기
센텀시티(신세계센텀 등),전남,3826553200,13340,2020년 4분기
센텀시티(신세계센텀 등),광주,3363502270,9698,2020년 4분기
센텀시티(신세계센텀 등),대전,1099361810,9367,2020년 4분기
센텀시티(신세계센텀 등),강원,783233645,9325,2020년 4분기
센텀시티(신세계센텀 등),충남,691183265,7975,2020년 4분기
센텀시티(신세계센텀 등),충북,801876789,7082,2020년 4분기
센텀시티(신세계센텀 등),제주,1117175200,6173,2020년 4분기
센텀시티(신세계센텀 등),전북,1299640102,5027,2020년 4분기
센텀시티(신세계센텀 등),세종,215285835,2393,2020년 4분기
송도해수욕장,경기,463319062,18006,2020년 4분기
송도해수욕장,서울,407606898,17151,2020년 4분기
송도해수욕장,경남,302403283,13382,2020년 4분기
송도해수욕장,대구,134503232,4970,2020년 4분기
송도해수욕장,경북,108921904,4390,2020년 4분기
송도해수욕장,울산,96061005,4302,2020년 4분기
송도해수욕장,인천,108465528,4261,2020년 4분기
송도해수욕장,충북,56109029,2111,2020년 4분기
송도해수욕장,대전,48408720,1740,2020년 4분기
송도해수욕장,충남,49086559,1716,2020년 4분기
송도해수욕장,강원,32705228,1215,2020년 4분기
송도해수욕장,광주,27295682,1165,2020년 4분기
송도해수욕장,전남,24190285,1030,2020년 4분기
송도해수욕장,전북,36192955,800,2020년 4분기
송도해수욕장,제주,16035436,535,2020년 4분기
송도해수욕장,세종,9767969,315,2020년 4분기
송정해수욕장,경남,107682580,9133,2020년 4분기
송정해수욕장,서울,88335297,5713,2020년 4분기
송정해수욕장,경기,79527578,5162,2020년 4분기
송정해수욕장,울산,40829464,3363,2020년 4분기
송정해수욕장,대구,28427748,1930,2020년 4분기
송정해수욕장,경북,21129240,1340,2020년 4분기
송정해수욕장,인천,14036967,1026,2020년 4분기
송정해수욕장,충북,11225955,651,2020년 4분기
송정해수욕장,대전,8829877,525,2020년 4분기
송정해수욕장,광주,10492976,480,2020년 4분기
송정해수욕장,충남,9050475,420,2020년 4분기
송정해수욕장,전남,5147304,405,2020년 4분기
송정해수욕장,전북,5906545,365,2020년 4분기
송정해수욕장,제주,6741418,351,2020년 4분기
송정해수욕장,강원,5838791,295,2020년 4분기
송정해수욕장,세종,2231026,110,2020년 4분기
오륙도&이기대 갈맷길,경남,332421709,6203,2020년 4분기
오륙도&이기대 갈맷길,경기,87729757,2740,2020년 4분기
오륙도&이기대 갈맷길,서울,74832525,2421,2020년 4분기
오륙도&이기대 갈맷길,울산,38243089,1205,2020년 4분기
오륙도&이기대 갈맷길,대구,19837737,745,2020년 4분기
오륙도&이기대 갈맷길,경북,19569665,731,2020년 4분기
오륙도&이기대 갈맷길,전남,32350951,425,2020년 4분기
오륙도&이기대 갈맷길,대전,7817483,365,2020년 4분기
오륙도&이기대 갈맷길,강원,6499818,360,2020년 4분기
오륙도&이기대 갈맷길,인천,5287573,330,2020년 4분기
오륙도&이기대 갈맷길,충북,6068329,316,2020년 4분기
오륙도&이기대 갈맷길,충남,7131618,255,2020년 4분기
오륙도&이기대 갈맷길,광주,7911251,240,2020년 4분기
오륙도&이기대 갈맷길,전북,1858507,135,2020년 4분기
오륙도&이기대 갈맷길,제주,4455051,65,2020년 4분기
오륙도&이기대 갈맷길,세종,271341,40,2020년 4분기
을숙도,경남,9205718,3250,2020년 4분기
을숙도,서울,4873766,1170,2020년 4분기
을숙도,경기,2370479,720,2020년 4분기
을숙도,울산,550858,375,2020년 4분기
을숙도,대구,513555,275,2020년 4분기
을숙도,경북,450191,260,2020년 4분기
을숙도,인천,390404,115,2020년 4분기
을숙도,전남,238637,95,2020년 4분기
을숙도,강원,347480,90,2020년 4분기
을숙도,충북,192136,90,2020년 4분기
을숙도,대전,491582,80,2020년 4분기
을숙도,광주,145635,65,2020년 4분기
을숙도,충남,90958,45,2020년 4분기
을숙도,전북,101689,35,2020년 4분기
을숙도,제주,144613,35,2020년 4분기
을숙도,세종,58765,20,2020년 4분기
일광해수욕장,경남,64377828,2973,2020년 4분기
일광해수욕장,울산,42590828,1632,2020년 4분기
일광해수욕장,서울,20475157,1066,2020년 4분기
일광해수욕장,경기,24734343,995,2020년 4분기
일광해수욕장,대구,13126414,525,2020년 4분기
일광해수욕장,경북,13216504,490,2020년 4분기
일광해수욕장,전남,1943844,235,2020년 4분기
일광해수욕장,인천,4086058,210,2020년 4분기
일광해수욕장,광주,3854473,140,2020년 4분기
일광해수욕장,충북,1849513,135,2020년 4분기
일광해수욕장,대전,3124663,130,2020년 4분기
일광해수욕장,충남,2334248,105,2020년 4분기
일광해수욕장,강원,2660777,100,2020년 4분기
일광해수욕장,세종,765478,45,2020년 4분기
일광해수욕장,전북,457856,40,2020년 4분기
일광해수욕장,제주,487187,35,2020년 4분기
자갈치·국제시장·부평깡통야시장,경남,2413742551,51206,2020년 4분기
자갈치·국제시장·부평깡통야시장,서울,1441722595,44093,2020년 4분기
자갈치·국제시장·부평깡통야시장,경기,1414043337,42089,2020년 4분기
자갈치·국제시장·부평깡통야시장,울산,628621198,12236,2020년 4분기
자갈치·국제시장·부평깡통야시장,경북,420519693,10951,2020년 4분기
자갈치·국제시장·부평깡통야시장,인천,365212580,10852,2020년 4분기
자갈치·국제시장·부평깡통야시장,대구,368974227,8696,2020년 4분기
자갈치·국제시장·부평깡통야시장,충북,192791983,5200,2020년 4분기
자갈치·국제시장·부평깡통야시장,충남,173128592,4529,2020년 4분기
자갈치·국제시장·부평깡통야시장,대전,175660742,4403,2020년 4분기
자갈치·국제시장·부평깡통야시장,전남,182706407,4065,2020년 4분기
자갈치·국제시장·부평깡통야시장,강원,128133581,3542,2020년 4분기
자갈치·국제시장·부평깡통야시장,광주,96266940,2707,2020년 4분기
자갈치·국제시장·부평깡통야시장,제주,114121570,2471,2020년 4분기
자갈치·국제시장·부평깡통야시장,전북,122873070,2447,2020년 4분기
자갈치·국제시장·부평깡통야시장,세종,32864558,961,2020년 4분기
전포카페거리,경남,1030474017,39730,2020년 4분기
전포카페거리,서울,352770889,17107,2020년 4분기
전포카페거리,경기,251917476,12478,2020년 4분기
전포카페거리,울산,204799263,10626,2020년 4분기
전포카페거리,경북,220083068,7378,2020년 4분기
전포카페거리,대구,175314607,5386,2020년 4분기
전포카페거리,인천,54098501,2895,2020년 4분기
전포카페거리,전남,39976713,2060,2020년 4분기
전포카페거리,충북,27536109,1941,2020년 4분기
전포카페거리,대전,28788105,1412,2020년 4분기
전포카페거리,제주,22460806,1365,2020년 4분기
전포카페거리,충남,24806343,1255,2020년 4분기
전포카페거리,광주,21273391,1075,2020년 4분기
전포카페거리,강원,18703163,1016,2020년 4분기
전포카페거리,전북,23068993,781,2020년 4분기
전포카페거리,세종,4836871,280,2020년 4분기
태종대,서울,66564344,4458,2020년 4분기
태종대,경기,71785128,4399,2020년 4분기
태종대,경남,70475538,2316,2020년 4분기
태종대,대구,30205006,1047,2020년 4분기
태종대,인천,15244510,1032,2020년 4분기
태종대,울산,22851002,816,2020년 4분기
태종대,경북,24202544,781,2020년 4분기
태종대,대전,9708747,755,2020년 4분기
태종대,충남,7669292,405,2020년 4분기
태종대,충북,7331062,405,2020년 4분기
태종대,전남,8917461,325,2020년 4분기
태종대,강원,3934700,290,2020년 4분기
태종대,광주,4329448,260,2020년 4분기
태종대,전북,2955880,165,2020년 4분기
태종대,제주,2967377,115,2020년 4분기
태종대,세종,2002098,105,2020년 4분기
해운대해수욕장,서울,2529397585,56856,2020년 4분기
해운대해수욕장,경기,1891456423,43388,2020년 4분기
해운대해수욕장,경남,1024610396,21580,2020년 4분기
해운대해수욕장,대구,601235689,12164,2020년 4분기
해운대해수욕장,인천,319457277,8525,2020년 4분기
해운대해수욕장,울산,546921461,8480,2020년 4분기
해운대해수욕장,경북,344954467,7389,2020년 4분기
해운대해수욕장,대전,220166304,4524,2020년 4분기
해운대해수욕장,광주,150620550,3800,2020년 4분기
해운대해수욕장,충북,165923102,3747,2020년 4분기
해운대해수욕장,전남,158277294,2737,2020년 4분기
해운대해수욕장,충남,91775833,2717,2020년 4분기
해운대해수욕장,강원,106441062,2573,2020년 4분기
해운대해수욕장,전북,85416126,1881,2020년 4분기
해운대해수욕장,제주,63586367,1400,2020년 4분기
해운대해수욕장,세종,42054152,1095,2020년 4분기
흰여울문화마을,서울,72149575,5861,2020년 4분기
흰여울문화마을,경기,54669593,4428,2020년 4분기
흰여울문화마을,경남,25322607,1885,2020년 4분기
흰여울문화마을,대구,14853645,1185,2020년 4분기
흰여울문화마을,인천,14092309,1175,2020년 4분기
흰여울문화마을,울산,8644434,655,2020년 4분기
흰여울문화마을,경북,8116980,625,2020년 4분기
흰여울문화마을,대전,5960560,510,2020년 4분기
흰여울문화마을,충북,4793487,425,2020년 4분기
흰여울문화마을,충남,4625061,330,2020년 4분기
흰여울문화마을,광주,2699613,200,2020년 4분기
흰여울문화마을,강원,2525464,195,2020년 4분기
흰여울문화마을,전남,2620408,190,2020년 4분기
흰여울문화마을,전북,1635967,130,2020년 4분기
흰여울문화마을,세종,1611439,115,2020년 4분기
흰여울문화마을,제주,1233861,85,2020년 4분기
BIFF광장&용두산공원&보수동책방골목,경남,244582882,10501,2021년 1분기
BIFF광장&용두산공원&보수동책방골목,서울,141766991,8784,2021년 1분기
BIFF광장&용두산공원&보수동책방골목,경기,133599479,7891,2021년 1분기
BIFF광장&용두산공원&보수동책방골목,울산,58687574,2901,2021년 1분기
BIFF광장&용두산공원&보수동책방골목,인천,31963039,1995,2021년 1분기
BIFF광장&용두산공원&보수동책방골목,경북,38901963,1990,2021년 1분기
BIFF광장&용두산공원&보수동책방골목,대구,31694447,1830,2021년 1분기
BIFF광장&용두산공원&보수동책방골목,충북,18180216,855,2021년 1분기
BIFF광장&용두산공원&보수동책방골목,충남,14451745,840,2021년 1분기
BIFF광장&용두산공원&보수동책방골목,강원,16990195,820,2021년 1분기
BIFF광장&용두산공원&보수동책방골목,대전,10879319,695,2021년 1분기
BIFF광장&용두산공원&보수동책방골목,전남,14791783,570,2021년 1분기
BIFF광장&용두산공원&보수동책방골목,전북,10650547,545,2021년 1분기
BIFF광장&용두산공원&보수동책방골목,광주,11304405,500,2021년 1분기
BIFF광장&용두산공원&보수동책방골목,제주,8926009,430,2021년 1분기
BIFF광장&용두산공원&보수동책방골목,세종,1964766,142,2021년 1분기
감천문화마을,서울,38137445,2880,2021년 1분기
감천문화마을,경기,26621881,2728,2021년 1분기
감천문화마을,경남,8016731,775,2021년 1분기
감천문화마을,인천,5903358,686,2021년 1분기
감천문화마을,경북,4134575,330,2021년 1분기
감천문화마을,대구,2978512,320,2021년 1분기
감천문화마을,대전,3961334,295,2021년 1분기
감천문화마을,충북,2079081,275,2021년 1분기
감천문화마을,울산,5744824,225,2021년 1분기
감천문화마을,충남,2120981,195,2021년 1분기
감천문화마을,강원,3675005,190,2021년 1분기
감천문화마을,전북,2160168,140,2021년 1분기
감천문화마을,광주,1258294,135,2021년 1분기
감천문화마을,전남,1737057,125,2021년 1분기
감천문화마을,제주,1029271,85,2021년 1분기
감천문화마을,세종,758176,75,2021년 1분기
국립해양박물관,경기,583010,60,2021년 1분기
국립해양박물관,경남,821080,60,2021년 1분기
국립해양박물관,서울,758840,55,2021년 1분기
국립해양박물관,경북,112015,25,2021년 1분기
국립해양박물관,강원,68850,20,2021년 1분기
국립해양박물관,대구,335280,20,2021년 1분기
국립해양박물관,인천,33020,10,2021년 1분기
국립해양박물관,광주,30480,5,2021년 1분기
국립해양박물관,울산,127750,5,2021년 1분기
국립해양박물관,충북,81280,5,2021년 1분기
"다대포 해수욕장(꿈의 낙조분수, 몰운대)",경남,120409722,7377,2021년 1분기
"다대포 해수욕장(꿈의 낙조분수, 몰운대)",서울,47767375,3017,2021년 1분기
"다대포 해수욕장(꿈의 낙조분수, 몰운대)",경기,39831925,2545,2021년 1분기
"다대포 해수욕장(꿈의 낙조분수, 몰운대)",경북,19158705,995,2021년 1분기
"다대포 해수욕장(꿈의 낙조분수, 몰운대)",대구,19847392,920,2021년 1분기
"다대포 해수욕장(꿈의 낙조분수, 몰운대)",울산,13782294,855,2021년 1분기
"다대포 해수욕장(꿈의 낙조분수, 몰운대)",인천,6591939,360,2021년 1분기
"다대포 해수욕장(꿈의 낙조분수, 몰운대)",충북,3564448,330,2021년 1분기
"다대포 해수욕장(꿈의 낙조분수, 몰운대)",전남,3681805,235,2021년 1분기
"다대포 해수욕장(꿈의 낙조분수, 몰운대)",대전,3113881,195,2021년 1분기
"다대포 해수욕장(꿈의 낙조분수, 몰운대)",광주,2073431,185,2021년 1분기
"다대포 해수욕장(꿈의 낙조분수, 몰운대)",전북,3745827,185,2021년 1분기
"다대포 해수욕장(꿈의 낙조분수, 몰운대)",강원,3461399,155,2021년 1분기
"다대포 해수욕장(꿈의 낙조분수, 몰운대)",제주,3235113,155,2021년 1분기
"다대포 해수욕장(꿈의 낙조분수, 몰운대)",충남,1791673,115,2021년 1분기
"다대포 해수욕장(꿈의 낙조분수, 몰운대)",세종,1028526,35,2021년 1분기
동백섬&누리마루APEC하우스,서울,438192385,7004,2021년 1분기
동백섬&누리마루APEC하우스,경기,348882508,5448,2021년 1분기
동백섬&누리마루APEC하우스,경남,138382318,2045,2021년 1분기
동백섬&누리마루APEC하우스,대구,77313116,1220,2021년 1분기
동백섬&누리마루APEC하우스,울산,51983108,1021,2021년 1분기
동백섬&누리마루APEC하우스,인천,37853967,780,2021년 1분기
동백섬&누리마루APEC하우스,경북,26560928,640,2021년 1분기
동백섬&누리마루APEC하우스,대전,65406705,505,2021년 1분기
동백섬&누리마루APEC하우스,광주,27294490,465,2021년 1분기
동백섬&누리마루APEC하우스,충북,25862306,430,2021년 1분기
동백섬&누리마루APEC하우스,충남,26623454,425,2021년 1분기
동백섬&누리마루APEC하우스,강원,9505659,270,2021년 1분기
동백섬&누리마루APEC하우스,전북,12683789,260,2021년 1분기
동백섬&누리마루APEC하우스,전남,9887170,230,2021년 1분기
동백섬&누리마루APEC하우스,세종,13191935,215,2021년 1분기
동백섬&누리마루APEC하우스,제주,4024493,80,2021년 1분기
렛츠런파크,경남,353060,10,2021년 1분기
렛츠런파크,서울,68985,5,2021년 1분기
마린시티 카페거리,서울,283450011,7290,2021년 1분기
마린시티 카페거리,경기,201525316,5131,2021년 1분기
마린시티 카페거리,경남,101412202,2896,2021년 1분기
마린시티 카페거리,대구,48239279,1295,2021년 1분기
마린시티 카페거리,울산,36634887,1090,2021년 1분기
마린시티 카페거리,경북,37454801,915,2021년 1분기
마린시티 카페거리,인천,26737090,665,2021년 1분기
마린시티 카페거리,대전,21856944,535,2021년 1분기
마린시티 카페거리,전남,18692722,420,2021년 1분기
마린시티 카페거리,충남,14427414,420,2021년 1분기
마린시티 카페거리,충북,17798908,345,2021년 1분기
마린시티 카페거리,광주,12774081,285,2021년 1분기
마린시티 카페거리,강원,8496142,265,2021년 1분기
마린시티 카페거리,전북,13308917,265,2021년 1분기
마린시티 카페거리,세종,3492124,135,2021년 1분기
마린시티 카페거리,제주,4607132,90,2021년 1분기
부산서면,경남,21897464762,285711,2021년 1분기
부산서면,서울,3046097880,89837,2021년 1분기
부산서면,경기,2521739794,68444,2021년 1분기
부산서면,울산,3300508496,51593,2021년 1분기
부산서면,경북,2484579886,38804,2021년 1분기
부산서면,대구,968467598,22855,2021년 1분기
부산서면,인천,555685911,15880,2021년 1분기
부산서면,전남,764460260,12103,2021년 1분기
부산서면,충남,397814965,9154,2021년 1분기
부산서면,충북,381338006,8725,2021년 1분기
부산서면,제주,309829464,8354,2021년 1분기
부산서면,대전,389756807,7809,2021년 1분기
부산서면,강원,323617652,6552,2021년 1분기
부산서면,광주,333972673,5927,2021년 1분기
부산서면,전북,173534671,4982,2021년 1분기
부산서면,세종,134909659,1510,2021년 1분기
부산시민공원,경남,2843166,330,2021년 1분기
부산시민공원,경기,934190,135,2021년 1분기
부산시민공원,서울,870375,90,2021년 1분기
부산시민공원,울산,524770,75,2021년 1분기
부산시민공원,경북,358665,45,2021년 1분기
부산시민공원,인천,83940,20,2021년 1분기
부산시민공원,대구,81280,15,2021년 1분기
부산시민공원,충남,76200,15,2021년 1분기
부산시민공원,제주,38175,10,2021년 1분기
부산시민공원,강원,66040,5,2021년 1분기
부산시민공원,대전,20440,5,2021년 1분기
부산시민공원,전남,17780,5,2021년 1분기
부산시민공원,전북,78740,5,2021년 1분기
부산시민공원,충북,538480,5,2021년 1분기
센텀시티(신세계센텀 등),경남,30733192264,155598,2021년 1분기
센텀시티(신세계센텀 등),서울,6001750832,66009,2021년 1분기
센텀시티(신세계센텀 등),울산,10632083997,52094,2021년 1분기
센텀시티(신세계센텀 등),경기,4003317766,45746,2021년 1분기
센텀시티(신세계센텀 등),경북,4758488931,26112,2021년 1분기
센텀시티(신세계센텀 등),대구,5282961213,23570,2021년 1분기
센텀시티(신세계센텀 등),전남,2943212447,9586,2021년 1분기
센텀시티(신세계센텀 등),인천,651774279,7633,2021년 1분기
센텀시티(신세계센텀 등),광주,2987653023,6999,2021년 1분기
센텀시티(신세계센텀 등),대전,630025161,5010,2021년 1분기
센텀시티(신세계센텀 등),충남,397853568,4525,2021년 1분기
센텀시티(신세계센텀 등),충북,504943286,4069,2021년 1분기
센텀시티(신세계센텀 등),강원,315833810,3834,2021년 1분기
센텀시티(신세계센텀 등),제주,710865869,3657,2021년 1분기
센텀시티(신세계센텀 등),전북,949167439,3242,2021년 1분기
센텀시티(신세계센텀 등),세종,193931332,1535,2021년 1분기
송도해수욕장,경기,285908873,12174,2021년 1분기
송도해수욕장,서울,253670391,10805,2021년 1분기
송도해수욕장,경남,153137672,7819,2021년 1분기
송도해수욕장,인천,63504954,3614,2021년 1분기
송도해수욕장,대구,81997650,3485,2021년 1분기
송도해수욕장,울산,56190497,2751,2021년 1분기
송도해수욕장,경북,55629391,2457,2021년 1분기
송도해수욕장,충남,27704739,1225,2021년 1분기
송도해수욕장,충북,25207977,1100,2021년 1분기
송도해수욕장,대전,25635098,1055,2021년 1분기
송도해수욕장,강원,20753090,855,2021년 1분기
송도해수욕장,광주,17878666,710,2021년 1분기
송도해수욕장,전남,16549172,660,2021년 1분기
송도해수욕장,전북,12049898,530,2021년 1분기
송도해수욕장,제주,6948279,350,2021년 1분기
송도해수욕장,세종,5947941,175,2021년 1분기
송정해수욕장,경남,63851712,6173,2021년 1분기
송정해수욕장,경기,46478334,3256,2021년 1분기
송정해수욕장,서울,42446837,3240,2021년 1분기
송정해수욕장,울산,28468089,2287,2021년 1분기
송정해수욕장,대구,23465016,1635,2021년 1분기
송정해수욕장,경북,16318753,1155,2021년 1분기
송정해수욕장,인천,9302914,705,2021년 1분기
송정해수욕장,대전,4892291,455,2021년 1분기
송정해수욕장,전북,6626523,440,2021년 1분기
송정해수욕장,충북,3694712,345,2021년 1분기
송정해수욕장,전남,5216681,340,2021년 1분기
송정해수욕장,충남,5755969,330,2021년 1분기
송정해수욕장,광주,3653071,295,2021년 1분기
송정해수욕장,강원,2020185,205,2021년 1분기
송정해수욕장,제주,1791526,135,2021년 1분기
송정해수욕장,세종,1458768,115,2021년 1분기
오륙도&이기대 갈맷길,경남,202394207,4206,2021년 1분기
오륙도&이기대 갈맷길,서울,78129917,1475,2021년 1분기
오륙도&이기대 갈맷길,경기,34240713,1163,2021년 1분기
오륙도&이기대 갈맷길,울산,26269703,840,2021년 1분기
오륙도&이기대 갈맷길,경북,19013957,465,2021년 1분기
오륙도&이기대 갈맷길,대구,7752422,375,2021년 1분기
오륙도&이기대 갈맷길,제주,8028429,190,2021년 1분기
오륙도&이기대 갈맷길,전남,5801915,185,2021년 1분기
오륙도&이기대 갈맷길,인천,3012046,160,2021년 1분기
오륙도&이기대 갈맷길,충남,6984061,155,2021년 1분기
오륙도&이기대 갈맷길,충북,3418218,150,2021년 1분기
오륙도&이기대 갈맷길,대전,3732648,135,2021년 1분기
오륙도&이기대 갈맷길,강원,2813495,130,2021년 1분기
오륙도&이기대 갈맷길,광주,8067527,120,2021년 1분기
오륙도&이기대 갈맷길,전북,2074135,55,2021년 1분기
오륙도&이기대 갈맷길,세종,119380,15,2021년 1분기
을숙도,경남,2678962,985,2021년 1분기
을숙도,서울,909943,195,2021년 1분기
을숙도,울산,326473,130,2021년 1분기
을숙도,경기,222083,85,2021년 1분기
을숙도,대구,135434,60,2021년 1분기
을숙도,경북,77369,45,2021년 1분기
을숙도,제주,172879,40,2021년 1분기
을숙도,전남,184770,35,2021년 1분기
을숙도,충북,194705,35,2021년 1분기
을숙도,전북,70131,30,2021년 1분기
을숙도,인천,52534,25,2021년 1분기
을숙도,광주,21844,15,2021년 1분기
을숙도,대전,65532,15,2021년 1분기
을숙도,충남,6622,15,2021년 1분기
을숙도,강원,4572,10,2021년 1분기
을숙도,세종,1524,5,2021년 1분기
일광해수욕장,경남,38987712,1741,2021년 1분기
일광해수욕장,울산,16316311,710,2021년 1분기
일광해수욕장,서울,13667213,685,2021년 1분기
일광해수욕장,경기,12429664,595,2021년 1분기
일광해수욕장,대구,8209025,350,2021년 1분기
일광해수욕장,경북,7799846,330,2021년 1분기
일광해수욕장,대전,2570847,95,2021년 1분기
일광해수욕장,전남,1294753,75,2021년 1분기
일광해수욕장,광주,1436570,70,2021년 1분기
일광해수욕장,충북,1673824,60,2021년 1분기
일광해수욕장,전북,2124104,55,2021년 1분기
일광해수욕장,인천,964490,50,2021년 1분기
일광해수욕장,충남,886090,45,2021년 1분기
일광해수욕장,강원,756229,30,2021년 1분기
일광해수욕장,세종,180340,15,2021년 1분기
일광해수욕장,제주,247904,15,2021년 1분기
자갈치·국제시장·부평깡통야시장,경남,1540672375,31835,2021년 1분기
자갈치·국제시장·부평깡통야시장,경기,922264647,28176,2021년 1분기
자갈치·국제시장·부평깡통야시장,서울,865786374,26204,2021년 1분기
자갈치·국제시장·부평깡통야시장,울산,387806262,8700,2021년 1분기
자갈치·국제시장·부평깡통야시장,경북,276689721,6900,2021년 1분기
자갈치·국제시장·부평깡통야시장,인천,196934122,6181,2021년 1분기
자갈치·국제시장·부평깡통야시장,대구,199966383,5735,2021년 1분기
자갈치·국제시장·부평깡통야시장,충북,125195155,3447,2021년 1분기
자갈치·국제시장·부평깡통야시장,충남,137109291,2896,2021년 1분기
자갈치·국제시장·부평깡통야시장,대전,97669977,2676,2021년 1분기
자갈치·국제시장·부평깡통야시장,전남,111524364,2365,2021년 1분기
자갈치·국제시장·부평깡통야시장,강원,69191001,1885,2021년 1분기
자갈치·국제시장·부평깡통야시장,전북,67975690,1860,2021년 1분기
자갈치·국제시장·부평깡통야시장,광주,60794180,1606,2021년 1분기
자갈치·국제시장·부평깡통야시장,제주,81138838,1330,2021년 1분기
자갈치·국제시장·부평깡통야시장,세종,23745255,690,2021년 1분기
전포카페거리,경남,587650087,22842,2021년 1분기
전포카페거리,서울,222490866,11147,2021년 1분기
전포카페거리,경기,156503086,7232,2021년 1분기
전포카페거리,울산,166351827,6451,2021년 1분기
전포카페거리,경북,79853252,4816,2021년 1분기
전포카페거리,대구,60511324,3117,2021년 1분기
전포카페거리,전남,64922665,1651,2021년 1분기
전포카페거리,인천,25871839,1476,2021년 1분기
전포카페거리,충북,16599075,1321,2021년 1분기
전포카페거리,대전,21331851,1125,2021년 1분기
전포카페거리,충남,26884072,755,2021년 1분기
전포카페거리,제주,12042713,740,2021년 1분기
전포카페거리,광주,17903319,635,2021년 1분기
전포카페거리,강원,10780744,630,2021년 1분기
전포카페거리,전북,10356835,540,2021년 1분기
전포카페거리,세종,1344247,90,2021년 1분기
태종대,경기,31775679,1945,2021년 1분기
태종대,서울,27282365,1682,2021년 1분기
태종대,경남,33051255,1217,2021년 1분기
태종대,대구,14407002,475,2021년 1분기
태종대,경북,9708531,390,2021년 1분기
태종대,울산,13062639,362,2021년 1분기
태종대,인천,5757691,325,2021년 1분기
태종대,충북,3492129,255,2021년 1분기
태종대,광주,4910583,250,2021년 1분기
태종대,대전,3454857,210,2021년 1분기
태종대,강원,3859125,175,2021년 1분기
태종대,충남,3227755,165,2021년 1분기
태종대,전북,1767050,115,2021년 1분기
태종대,전남,3004296,90,2021년 1분기
태종대,세종,804418,40,2021년 1분기
태종대,제주,1198564,40,2021년 1분기
해운대해수욕장,서울,1424433289,31018,2021년 1분기
해운대해수욕장,경기,1132937881,26871,2021년 1분기
해운대해수욕장,경남,695680914,12689,2021년 1분기
해운대해수욕장,대구,674039640,7268,2021년 1분기
해운대해수욕장,울산,290881374,5688,2021년 1분기
해운대해수욕장,인천,181283278,4949,2021년 1분기
해운대해수욕장,경북,207887719,4076,2021년 1분기
해운대해수욕장,광주,120781843,2646,2021년 1분기
해운대해수욕장,충북,96607824,2471,2021년 1분기
해운대해수욕장,대전,117617932,2360,2021년 1분기
해운대해수욕장,충남,96566321,2136,2021년 1분기
해운대해수욕장,전북,72239492,1540,2021년 1분기
해운대해수욕장,전남,87666914,1440,2021년 1분기
해운대해수욕장,강원,48191037,1170,2021년 1분기
해운대해수욕장,세종,43606155,845,2021년 1분기
해운대해수욕장,제주,35808935,730,2021년 1분기
흰여울문화마을,서울,38789461,3271,2021년 1분기
흰여울문화마을,경기,34597926,2821,2021년 1분기
흰여울문화마을,경남,13291530,1035,2021년 1분기
흰여울문화마을,인천,11104800,870,2021년 1분기
흰여울문화마을,대구,9191013,740,2021년 1분기
흰여울문화마을,울산,5527333,480,2021년 1분기
흰여울문화마을,경북,5364168,415,2021년 1분기
흰여울문화마을,대전,4288525,320,2021년 1분기
흰여울문화마을,충북,3255249,260,2021년 1분기
흰여울문화마을,광주,2525941,215,2021년 1분기
흰여울문화마을,충남,3089119,195,2021년 1분기
흰여울문화마을,전북,1806526,135,2021년 1분기
흰여울문화마을,강원,1592078,110,2021년 1분기
흰여울문화마을,전남,1517942,105,2021년 1분기
흰여울문화마을,제주,923012,80,2021년 1분기
흰여울문화마을,세종,723156,45,2021년 1분기
BIFF광장&용두산공원&보수동책방골목,서울,157412219,9357,2021년 2분기
BIFF광장&용두산공원&보수동책방골목,부산,2676616927,116046,2021년 2분기
BIFF광장&용두산공원&보수동책방골목,대구,30168479,1625,2021년 2분기
BIFF광장&용두산공원&보수동책방골목,인천,38165261,2460,2021년 2분기
BIFF광장&용두산공원&보수동책방골목,광주,10020283,555,2021년 2분기
BIFF광장&용두산공원&보수동책방골목,대전,12591161,725,2021년 2분기
BIFF광장&용두산공원&보수동책방골목,울산,49566246,2800,2021년 2분기
BIFF광장&용두산공원&보수동책방골목,세종,3349628,130,2021년 2분기
BIFF광장&용두산공원&보수동책방골목,경기,159390630,10040,2021년 2분기
BIFF광장&용두산공원&보수동책방골목,강원,32606593,900,2021년 2분기
BIFF광장&용두산공원&보수동책방골목,충북,18345878,1075,2021년 2분기
BIFF광장&용두산공원&보수동책방골목,충남,17677659,885,2021년 2분기
BIFF광장&용두산공원&보수동책방골목,전북,10081101,460,2021년 2분기
BIFF광장&용두산공원&보수동책방골목,전남,14849548,695,2021년 2분기
BIFF광장&용두산공원&보수동책방골목,경북,54942685,2265,2021년 2분기
BIFF광장&용두산공원&보수동책방골목,경남,262579572,10923,2021년 2분기
BIFF광장&용두산공원&보수동책방골목,제주,16776865,855,2021년 2분기
BIFF광장&용두산공원&보수동책방골목,강원,9262211,500,2021년 2분기
BIFF광장&용두산공원&보수동책방골목,경기,90611817,5721,2021년 2분기
BIFF광장&용두산공원&보수동책방골목,경남,126674286,6272,2021년 2분기
BIFF광장&용두산공원&보수동책방골목,경북,24548441,1170,2021년 2분기
BIFF광장&용두산공원&보수동책방골목,광주,6463132,360,2021년 2분기
BIFF광장&용두산공원&보수동책방골목,대구,18424251,1025,2021년 2분기
BIFF광장&용두산공원&보수동책방골목,대전,10052508,540,2021년 2분기
BIFF광장&용두산공원&보수동책방골목,부산,1467500211,63399,2021년 2분기
BIFF광장&용두산공원&보수동책방골목,서울,91775414,5667,2021년 2분기
BIFF광장&용두산공원&보수동책방골목,세종,1514856,90,2021년 2분기
BIFF광장&용두산공원&보수동책방골목,울산,32519732,1565,2021년 2분기
BIFF광장&용두산공원&보수동책방골목,인천,21678138,1205,2021년 2분기
BIFF광장&용두산공원&보수동책방골목,전남,6626962,355,2021년 2분기
BIFF광장&용두산공원&보수동책방골목,전북,6514968,225,2021년 2분기
BIFF광장&용두산공원&보수동책방골목,제주,6779844,345,2021년 2분기
BIFF광장&용두산공원&보수동책방골목,충남,7898892,440,2021년 2분기
BIFF광장&용두산공원&보수동책방골목,충북,6679540,395,2021년 2분기
감천문화마을,서울,51063718,4428,2021년 2분기
감천문화마을,부산,329977486,19373,2021년 2분기
감천문화마을,대구,3460441,390,2021년 2분기
감천문화마을,인천,9856001,990,2021년 2분기
감천문화마을,광주,1259866,120,2021년 2분기
감천문화마을,대전,3863574,335,2021년 2분기
감천문화마을,울산,3177095,315,2021년 2분기
감천문화마을,세종,438450,60,2021년 2분기
감천문화마을,경기,36431029,3780,2021년 2분기
감천문화마을,강원,5076601,350,2021년 2분기
감천문화마을,충북,2360526,295,2021년 2분기
감천문화마을,충남,3521875,335,2021년 2분기
감천문화마을,전북,1326595,155,2021년 2분기
감천문화마을,전남,1764272,165,2021년 2분기
감천문화마을,경북,3551046,370,2021년 2분기
감천문화마을,경남,11069835,1010,2021년 2분기
감천문화마을,제주,816372,55,2021년 2분기
감천문화마을,강원,2603602,135,2021년 2분기
감천문화마을,경기,24610669,2571,2021년 2분기
감천문화마을,경남,6922364,550,2021년 2분기
감천문화마을,경북,2556256,240,2021년 2분기
감천문화마을,광주,1515872,200,2021년 2분기
감천문화마을,대구,3049016,345,2021년 2분기
감천문화마을,대전,2305050,175,2021년 2분기
감천문화마을,부산,172167956,10034,2021년 2분기
감천문화마을,서울,25741732,2852,2021년 2분기
감천문화마을,세종,720852,60,2021년 2분기
감천문화마을,울산,1965706,190,2021년 2분기
감천문화마을,인천,4435978,505,2021년 2분기
감천문화마을,전남,762508,90,2021년 2분기
감천문화마을,전북,1323848,70,2021년 2분기
감천문화마을,제주,921106,75,2021년 2분기
감천문화마을,충남,2131720,235,2021년 2분기
감천문화마을,충북,1765706,230,2021년 2분기
광안리해수욕장,서울,1682773784,71136,2021년 2분기
광안리해수욕장,부산,6909883113,237918,2021년 2분기
광안리해수욕장,대구,294067735,11192,2021년 2분기
광안리해수욕장,인천,325075008,14769,2021년 2분기
광안리해수욕장,광주,124489558,4398,2021년 2분기
광안리해수욕장,대전,140712624,5546,2021년 2분기
광안리해수욕장,울산,246673763,8854,2021년 2분기
광안리해수욕장,세종,27420570,1155,2021년 2분기
광안리해수욕장,경기,1486223119,64664,2021년 2분기
광안리해수욕장,강원,92163374,3711,2021년 2분기
광안리해수욕장,충북,174805454,6606,2021년 2분기
광안리해수욕장,충남,120495265,4908,2021년 2분기
광안리해수욕장,전북,73037004,3086,2021년 2분기
광안리해수욕장,전남,98208145,3441,2021년 2분기
광안리해수욕장,경북,254018071,9746,2021년 2분기
광안리해수욕장,경남,842951379,31140,2021년 2분기
광안리해수욕장,제주,42888928,1446,2021년 2분기
광안리해수욕장,강원,46559779,1836,2021년 2분기
광안리해수욕장,경기,775341829,33967,2021년 2분기
광안리해수욕장,경남,465996716,16964,2021년 2분기
광안리해수욕장,경북,118859417,4815,2021년 2분기
광안리해수욕장,광주,45251168,2086,2021년 2분기
광안리해수욕장,대구,154920851,6414,2021년 2분기
광안리해수욕장,대전,84492294,3258,2021년 2분기
광안리해수욕장,부산,3461292854,123508,2021년 2분기
광안리해수욕장,서울,892445862,37362,2021년 2분기
광안리해수욕장,세종,17071906,615,2021년 2분기
광안리해수욕장,울산,122608760,5075,2021년 2분기
광안리해수욕장,인천,156247656,7451,2021년 2분기
광안리해수욕장,전남,45953468,1785,2021년 2분기
광안리해수욕장,전북,39487246,1626,2021년 2분기
광안리해수욕장,제주,16148661,675,2021년 2분기
광안리해수욕장,충남,73204833,2640,2021년 2분기
광안리해수욕장,충북,78326439,3583,2021년 2분기
국립해양박물관,서울,557180,90,2021년 2분기
국립해양박물관,부산,8605250,1055,2021년 2분기
국립해양박물관,대구,86530,10,2021년 2분기
국립해양박물관,인천,106690,10,2021년 2분기
국립해양박물관,울산,303320,20,2021년 2분기
국립해양박물관,세종,48355,5,2021년 2분기
국립해양박물관,경기,802785,75,2021년 2분기
국립해양박물관,강원,15150,5,2021년 2분기
국립해양박물관,충남,152140,10,2021년 2분기
국립해양박물관,전북,116150,5,2021년 2분기
국립해양박물관,전남,122160,10,2021년 2분기
국립해양박물관,경북,309530,20,2021년 2분기
국립해양박물관,경남,1120555,105,2021년 2분기
국립해양박물관,제주,94165,5,2021년 2분기
국립해양박물관,강원,91440,5,2021년 2분기
국립해양박물관,경기,416560,30,2021년 2분기
국립해양박물관,경남,617220,55,2021년 2분기
국립해양박물관,경북,279400,10,2021년 2분기
국립해양박물관,광주,40640,5,2021년 2분기
국립해양박물관,대구,45720,5,2021년 2분기
국립해양박물관,부산,4792980,475,2021년 2분기
국립해양박물관,서울,642620,40,2021년 2분기
국립해양박물관,전남,40640,5,2021년 2분기
국립해양박물관,충남,15240,5,2021년 2분기
"다대포 해수욕장(꿈의 낙조분수, 몰운대)",서울,65928572,3835,2021년 2분기
"다대포 해수욕장(꿈의 낙조분수, 몰운대)",부산,2029248389,104111,2021년 2분기
"다대포 해수욕장(꿈의 낙조분수, 몰운대)",대구,25265216,1315,2021년 2분기
"다대포 해수욕장(꿈의 낙조분수, 몰운대)",인천,12710003,680,2021년 2분기
"다대포 해수욕장(꿈의 낙조분수, 몰운대)",광주,3692569,275,2021년 2분기
"다대포 해수욕장(꿈의 낙조분수, 몰운대)",대전,4106608,265,2021년 2분기
"다대포 해수욕장(꿈의 낙조분수, 몰운대)",울산,21339036,1195,2021년 2분기
"다대포 해수욕장(꿈의 낙조분수, 몰운대)",세종,3296174,90,2021년 2분기
"다대포 해수욕장(꿈의 낙조분수, 몰운대)",경기,65052410,3707,2021년 2분기
"다대포 해수욕장(꿈의 낙조분수, 몰운대)",강원,4664599,300,2021년 2분기
"다대포 해수욕장(꿈의 낙조분수, 몰운대)",충북,7662130,500,2021년 2분기
"다대포 해수욕장(꿈의 낙조분수, 몰운대)",충남,5679787,275,2021년 2분기
"다대포 해수욕장(꿈의 낙조분수, 몰운대)",전북,6386300,235,2021년 2분기
"다대포 해수욕장(꿈의 낙조분수, 몰운대)",전남,6488251,390,2021년 2분기
"다대포 해수욕장(꿈의 낙조분수, 몰운대)",경북,29296386,1270,2021년 2분기
"다대포 해수욕장(꿈의 낙조분수, 몰운대)",경남,181817053,9764,2021년 2분기
"다대포 해수욕장(꿈의 낙조분수, 몰운대)",제주,2069376,125,2021년 2분기
"다대포 해수욕장(꿈의 낙조분수, 몰운대)",강원,1193750,120,2021년 2분기
"다대포 해수욕장(꿈의 낙조분수, 몰운대)",경기,28572664,1870,2021년 2분기
"다대포 해수욕장(꿈의 낙조분수, 몰운대)",경남,96337278,5767,2021년 2분기
"다대포 해수욕장(꿈의 낙조분수, 몰운대)",경북,13072465,615,2021년 2분기
"다대포 해수욕장(꿈의 낙조분수, 몰운대)",광주,1875536,160,2021년 2분기
"다대포 해수욕장(꿈의 낙조분수, 몰운대)",대구,12826900,635,2021년 2분기
"다대포 해수욕장(꿈의 낙조분수, 몰운대)",대전,1465072,125,2021년 2분기
"다대포 해수욕장(꿈의 낙조분수, 몰운대)",부산,1053581944,57715,2021년 2분기
"다대포 해수욕장(꿈의 낙조분수, 몰운대)",서울,34107733,1885,2021년 2분기
"다대포 해수욕장(꿈의 낙조분수, 몰운대)",세종,982472,65,2021년 2분기
"다대포 해수욕장(꿈의 낙조분수, 몰운대)",울산,9320277,580,2021년 2분기
"다대포 해수욕장(꿈의 낙조분수, 몰운대)",인천,4639159,255,2021년 2분기
"다대포 해수욕장(꿈의 낙조분수, 몰운대)",전남,4898340,265,2021년 2분기
"다대포 해수욕장(꿈의 낙조분수, 몰운대)",전북,2323084,115,2021년 2분기
"다대포 해수욕장(꿈의 낙조분수, 몰운대)",제주,947623,60,2021년 2분기
"다대포 해수욕장(꿈의 낙조분수, 몰운대)",충남,1285748,140,2021년 2분기
"다대포 해수욕장(꿈의 낙조분수, 몰운대)",충북,3206090,225,2021년 2분기
동백섬&누리마루APEC하우스,서울,767427677,11876,2021년 2분기
동백섬&누리마루APEC하우스,부산,924643261,17753,2021년 2분기
동백섬&누리마루APEC하우스,대구,115022448,1835,2021년 2분기
동백섬&누리마루APEC하우스,인천,103735186,1660,2021년 2분기
동백섬&누리마루APEC하우스,광주,50163168,670,2021년 2분기
동백섬&누리마루APEC하우스,대전,49843196,945,2021년 2분기
동백섬&누리마루APEC하우스,울산,53369804,1150,2021년 2분기
동백섬&누리마루APEC하우스,세종,34579317,385,2021년 2분기
동백섬&누리마루APEC하우스,경기,629942388,9553,2021년 2분기
동백섬&누리마루APEC하우스,강원,21471101,510,2021년 2분기
동백섬&누리마루APEC하우스,충북,31803336,715,2021년 2분기
동백섬&누리마루APEC하우스,충남,53756504,725,2021년 2분기
동백섬&누리마루APEC하우스,전북,33546747,475,2021년 2분기
동백섬&누리마루APEC하우스,전남,19268945,360,2021년 2분기
동백섬&누리마루APEC하우스,경북,82158935,1195,2021년 2분기
동백섬&누리마루APEC하우스,경남,130902520,2605,2021년 2분기
동백섬&누리마루APEC하우스,제주,6436558,175,2021년 2분기
동백섬&누리마루APEC하우스,강원,13939647,245,2021년 2분기
동백섬&누리마루APEC하우스,경기,334975074,4946,2021년 2분기
동백섬&누리마루APEC하우스,경남,113143814,1657,2021년 2분기
동백섬&누리마루APEC하우스,경북,34437716,705,2021년 2분기
동백섬&누리마루APEC하우스,광주,19800417,430,2021년 2분기
동백섬&누리마루APEC하우스,대구,54094934,1025,2021년 2분기
동백섬&누리마루APEC하우스,대전,34821318,661,2021년 2분기
동백섬&누리마루APEC하우스,부산,497022639,9934,2021년 2분기
동백섬&누리마루APEC하우스,서울,410372627,6498,2021년 2분기
동백섬&누리마루APEC하우스,세종,22137080,160,2021년 2분기
동백섬&누리마루APEC하우스,울산,36968761,635,2021년 2분기
동백섬&누리마루APEC하우스,인천,53985632,960,2021년 2분기
동백섬&누리마루APEC하우스,전남,18823945,210,2021년 2분기
동백섬&누리마루APEC하우스,전북,12576607,190,2021년 2분기
동백섬&누리마루APEC하우스,제주,6724223,125,2021년 2분기
동백섬&누리마루APEC하우스,충남,28971977,395,2021년 2분기
동백섬&누리마루APEC하우스,충북,17675591,340,2021년 2분기
렛츠런파크,부산,2058385,75,2021년 2분기
렛츠런파크,대구,61080,5,2021년 2분기
렛츠런파크,인천,25450,5,2021년 2분기
렛츠런파크,울산,216325,35,2021년 2분기
렛츠런파크,경남,3197887,35,2021년 2분기
렛츠런파크,경남,436880,45,2021년 2분기
렛츠런파크,대구,66040,5,2021년 2분기
렛츠런파크,부산,101600,10,2021년 2분기
렛츠런파크,제주,50800,5,2021년 2분기
마린시티 카페거리,서울,449381677,11370,2021년 2분기
마린시티 카페거리,부산,1374727931,53679,2021년 2분기
마린시티 카페거리,대구,61627514,1630,2021년 2분기
마린시티 카페거리,인천,66341255,1430,2021년 2분기
마린시티 카페거리,광주,28309908,555,2021년 2분기
마린시티 카페거리,대전,44330205,945,2021년 2분기
마린시티 카페거리,울산,59563273,1500,2021년 2분기
마린시티 카페거리,세종,16535625,355,2021년 2분기
마린시티 카페거리,경기,375504159,9052,2021년 2분기
마린시티 카페거리,강원,45015251,600,2021년 2분기
마린시티 카페거리,충북,36144458,995,2021년 2분기
마린시티 카페거리,충남,35416040,890,2021년 2분기
마린시티 카페거리,전북,14149007,390,2021년 2분기
마린시티 카페거리,전남,26206422,620,2021년 2분기
마린시티 카페거리,경북,72061292,1465,2021년 2분기
마린시티 카페거리,경남,126938933,3135,2021년 2분기
마린시티 카페거리,제주,7940445,255,2021년 2분기
마린시티 카페거리,강원,13891364,345,2021년 2분기
마린시티 카페거리,경기,195574984,4898,2021년 2분기
마린시티 카페거리,경남,63432599,2010,2021년 2분기
마린시티 카페거리,경북,60177125,840,2021년 2분기
마린시티 카페거리,광주,16235834,355,2021년 2분기
마린시티 카페거리,대구,42678610,1041,2021년 2분기
마린시티 카페거리,대전,34400492,675,2021년 2분기
마린시티 카페거리,부산,678518312,26167,2021년 2분기
마린시티 카페거리,서울,253007941,6371,2021년 2분기
마린시티 카페거리,세종,12470486,220,2021년 2분기
마린시티 카페거리,울산,32277610,790,2021년 2분기
마린시티 카페거리,인천,33372151,795,2021년 2분기
마린시티 카페거리,전남,16338554,435,2021년 2분기
마린시티 카페거리,전북,14797280,300,2021년 2분기
마린시티 카페거리,제주,1719174,105,2021년 2분기
마린시티 카페거리,충남,28505101,495,2021년 2분기
마린시티 카페거리,충북,25408440,595,2021년 2분기
부산서면,서울,3518549528,109392,2021년 2분기
부산서면,부산,1.03E+11,2297924,2021년 2분기
부산서면,대구,1204213489,27895,2021년 2분기
부산서면,인천,566793498,18961,2021년 2분기
부산서면,광주,312551195,5878,2021년 2분기
부산서면,대전,277612016,8953,2021년 2분기
부산서면,울산,3643545231,60009,2021년 2분기
부산서면,세종,96649235,1536,2021년 2분기
부산서면,경기,2936387586,85043,2021년 2분기
부산서면,강원,367767747,10313,2021년 2분기
부산서면,충북,365000703,9849,2021년 2분기
부산서면,충남,330497200,10897,2021년 2분기
부산서면,전북,288799501,5839,2021년 2분기
부산서면,전남,913358623,13946,2021년 2분기
부산서면,경북,2493416293,41931,2021년 2분기
부산서면,경남,20803478091,313328,2021년 2분기
부산서면,제주,449113266,7967,2021년 2분기
부산서면,강원,246948309,5230,2021년 2분기
부산서면,경기,1385080742,41001,2021년 2분기
부산서면,경남,10663970113,161290,2021년 2분기
부산서면,경북,1357943588,22356,2021년 2분기
부산서면,광주,132868382,2750,2021년 2분기
부산서면,대구,577101971,14740,2021년 2분기
부산서면,대전,139435463,4332,2021년 2분기
부산서면,부산,52906898645,1159418,2021년 2분기
부산서면,서울,1981568475,54603,2021년 2분기
부산서면,세종,31622391,825,2021년 2분기
부산서면,울산,1960563353,32224,2021년 2분기
부산서면,인천,276085120,8559,2021년 2분기
부산서면,전남,612456589,7356,2021년 2분기
부산서면,전북,115946551,3212,2021년 2분기
부산서면,제주,320452020,4566,2021년 2분기
부산서면,충남,219761152,5625,2021년 2분기
부산서면,충북,172494832,5478,2021년 2분기
부산시민공원,서울,633790,100,2021년 2분기
부산시민공원,부산,67244454,8346,2021년 2분기
부산시민공원,대구,319275,40,2021년 2분기
부산시민공원,인천,197710,30,2021년 2분기
부산시민공원,광주,94165,10,2021년 2분기
부산시민공원,대전,98735,30,2021년 2분기
부산시민공원,울산,798770,90,2021년 2분기
부산시민공원,경기,881800,120,2021년 2분기
부산시민공원,충북,169495,20,2021년 2분기
부산시민공원,충남,45610,10,2021년 2분기
부산시민공원,전북,126770,20,2021년 2분기
부산시민공원,전남,212640,35,2021년 2분기
부산시민공원,경북,516440,60,2021년 2분기
부산시민공원,경남,3045606,430,2021년 2분기
부산시민공원,강원,60960,5,2021년 2분기
부산시민공원,경기,847090,125,2021년 2분기
부산시민공원,경남,4593844,588,2021년 2분기
부산시민공원,경북,469900,55,2021년 2분기
부산시민공원,광주,53340,10,2021년 2분기
부산시민공원,대구,175260,30,2021년 2분기
부산시민공원,대전,96520,15,2021년 2분기
부산시민공원,부산,42123614,6167,2021년 2분기
부산시민공원,서울,1110488,155,2021년 2분기
부산시민공원,세종,144780,20,2021년 2분기
부산시민공원,울산,551180,80,2021년 2분기
부산시민공원,인천,81280,15,2021년 2분기
부산시민공원,전남,83820,15,2021년 2분기
부산시민공원,전북,35560,20,2021년 2분기
부산시민공원,제주,91440,15,2021년 2분기
부산시민공원,충남,15240,5,2021년 2분기
부산시민공원,충북,124460,20,2021년 2분기
센텀시티(신세계센텀 등),서울,7183438511,83108,2021년 2분기
센텀시티(신세계센텀 등),부산,1.98E+11,1610517,2021년 2분기
센텀시티(신세계센텀 등),대구,6105416273,27588,2021년 2분기
센텀시티(신세계센텀 등),인천,947017991,13014,2021년 2분기
센텀시티(신세계센텀 등),광주,4051032969,8353,2021년 2분기
센텀시티(신세계센텀 등),대전,820281060,7387,2021년 2분기
센텀시티(신세계센텀 등),울산,12306412226,61794,2021년 2분기
센텀시티(신세계센텀 등),세종,154083478,1708,2021년 2분기
센텀시티(신세계센텀 등),경기,6018347457,65187,2021년 2분기
센텀시티(신세계센텀 등),강원,448857954,5351,2021년 2분기
센텀시티(신세계센텀 등),충북,805184594,6108,2021년 2분기
센텀시티(신세계센텀 등),충남,720170164,6367,2021년 2분기
센텀시티(신세계센텀 등),전북,1493757381,4001,2021년 2분기
센텀시티(신세계센텀 등),전남,2970969948,12098,2021년 2분기
센텀시티(신세계센텀 등),경북,5538569696,30504,2021년 2분기
센텀시티(신세계센텀 등),경남,34081328929,176921,2021년 2분기
센텀시티(신세계센텀 등),제주,1074366622,5080,2021년 2분기
센텀시티(신세계센텀 등),강원,296909593,2824,2021년 2분기
센텀시티(신세계센텀 등),경기,3281847767,35048,2021년 2분기
센텀시티(신세계센텀 등),경남,18326953184,91488,2021년 2분기
센텀시티(신세계센텀 등),경북,3280277660,15976,2021년 2분기
센텀시티(신세계센텀 등),광주,2094331477,4539,2021년 2분기
센텀시티(신세계센텀 등),대구,3203298448,15159,2021년 2분기
센텀시티(신세계센텀 등),대전,632181997,3937,2021년 2분기
센텀시티(신세계센텀 등),부산,1.03E+11,813058,2021년 2분기
센텀시티(신세계센텀 등),서울,4530629652,44702,2021년 2분기
센텀시티(신세계센텀 등),세종,131033393,1098,2021년 2분기
센텀시티(신세계센텀 등),울산,6039386447,30870,2021년 2분기
센텀시티(신세계센텀 등),인천,467800912,6555,2021년 2분기
센텀시티(신세계센텀 등),전남,1807506184,7284,2021년 2분기
센텀시티(신세계센텀 등),전북,1227275793,2437,2021년 2분기
센텀시티(신세계센텀 등),제주,290685760,2284,2021년 2분기
센텀시티(신세계센텀 등),충남,457244818,3033,2021년 2분기
센텀시티(신세계센텀 등),충북,602274385,3580,2021년 2분기
송도해수욕장,강원,14400683,605,2021년 2분기
송도해수욕장,경기,241043119,9789,2021년 2분기
송도해수욕장,경남,113548639,5122,2021년 2분기
송도해수욕장,경북,39269164,1525,2021년 2분기
송도해수욕장,광주,9130082,315,2021년 2분기
송도해수욕장,대구,45829680,2006,2021년 2분기
송도해수욕장,대전,21519795,841,2021년 2분기
송도해수욕장,부산,620392891,36467,2021년 2분기
송도해수욕장,서울,208808331,8473,2021년 2분기
송도해수욕장,세종,5253838,155,2021년 2분기
송도해수욕장,울산,32404255,1395,2021년 2분기
송도해수욕장,인천,51927763,2120,2021년 2분기
송도해수욕장,전남,7904786,360,2021년 2분기
송도해수욕장,전북,9108035,350,2021년 2분기
송도해수욕장,제주,4711904,175,2021년 2분기
송도해수욕장,충남,20144639,815,2021년 2분기
송도해수욕장,충북,17061027,695,2021년 2분기
송도해수욕장,서울,321264092,13765,2021년 2분기
송도해수욕장,부산,1134972634,65643,2021년 2분기
송도해수욕장,대구,83871870,3516,2021년 2분기
송도해수욕장,인천,96786591,3920,2021년 2분기
송도해수욕장,광주,18354720,720,2021년 2분기
송도해수욕장,대전,35408898,1405,2021년 2분기
송도해수욕장,울산,52681538,2595,2021년 2분기
송도해수욕장,세종,7908345,305,2021년 2분기
송도해수욕장,경기,408226809,15872,2021년 2분기
송도해수욕장,강원,23559918,945,2021년 2분기
송도해수욕장,충북,31664027,1410,2021년 2분기
송도해수욕장,충남,32544719,1220,2021년 2분기
송도해수욕장,전북,17206092,605,2021년 2분기
송도해수욕장,전남,20128137,815,2021년 2분기
송도해수욕장,경북,80607841,3136,2021년 2분기
송도해수욕장,경남,189865233,9310,2021년 2분기
송도해수욕장,제주,10243854,515,2021년 2분기
송정해수욕장,강원,1855470,115,2021년 2분기
송정해수욕장,경기,36361172,2351,2021년 2분기
송정해수욕장,경남,46885051,3345,2021년 2분기
송정해수욕장,경북,11222890,520,2021년 2분기
송정해수욕장,광주,2473401,175,2021년 2분기
송정해수욕장,대구,18031666,885,2021년 2분기
송정해수욕장,대전,6109056,305,2021년 2분기
송정해수욕장,부산,214888990,19090,2021년 2분기
송정해수욕장,서울,40578794,2717,2021년 2분기
송정해수욕장,세종,574040,25,2021년 2분기
송정해수욕장,울산,16160244,1255,2021년 2분기
송정해수욕장,인천,6093360,460,2021년 2분기
송정해수욕장,전남,2157578,210,2021년 2분기
송정해수욕장,전북,896112,100,2021년 2분기
송정해수욕장,제주,560070,70,2021년 2분기
송정해수욕장,충남,2098854,180,2021년 2분기
송정해수욕장,충북,4846118,215,2021년 2분기
송정해수욕장,서울,81346739,4922,2021년 2분기
송정해수욕장,부산,416693121,35987,2021년 2분기
송정해수욕장,대구,32287986,1580,2021년 2분기
송정해수욕장,인천,11760302,755,2021년 2분기
송정해수욕장,광주,7010909,465,2021년 2분기
송정해수욕장,대전,5327685,370,2021년 2분기
송정해수욕장,울산,34411991,2265,2021년 2분기
송정해수욕장,세종,4649772,95,2021년 2분기
송정해수욕장,경기,74939643,4366,2021년 2분기
송정해수욕장,강원,6844024,370,2021년 2분기
송정해수욕장,충북,7822274,470,2021년 2분기
송정해수욕장,충남,5979694,355,2021년 2분기
송정해수욕장,전북,2750753,210,2021년 2분기
송정해수욕장,전남,4917915,310,2021년 2분기
송정해수욕장,경북,18181691,1210,2021년 2분기
송정해수욕장,경남,85235803,5881,2021년 2분기
송정해수욕장,제주,1555586,110,2021년 2분기
오륙도&이기대 갈맷길,서울,53820170,2995,2021년 2분기
오륙도&이기대 갈맷길,부산,3015103141,58690,2021년 2분기
오륙도&이기대 갈맷길,대구,11139751,835,2021년 2분기
오륙도&이기대 갈맷길,인천,7665851,670,2021년 2분기
오륙도&이기대 갈맷길,광주,4760028,195,2021년 2분기
오륙도&이기대 갈맷길,대전,32495475,245,2021년 2분기
오륙도&이기대 갈맷길,울산,32388424,1230,2021년 2분기
오륙도&이기대 갈맷길,세종,564785,45,2021년 2분기
오륙도&이기대 갈맷길,경기,38502160,2876,2021년 2분기
오륙도&이기대 갈맷길,강원,4064918,375,2021년 2분기
오륙도&이기대 갈맷길,충북,10070796,275,2021년 2분기
오륙도&이기대 갈맷길,충남,3989184,345,2021년 2분기
오륙도&이기대 갈맷길,전북,2016854,140,2021년 2분기
오륙도&이기대 갈맷길,전남,17950412,330,2021년 2분기
오륙도&이기대 갈맷길,경북,18997297,836,2021년 2분기
오륙도&이기대 갈맷길,경남,278679612,5301,2021년 2분기
오륙도&이기대 갈맷길,제주,3817627,255,2021년 2분기
오륙도&이기대 갈맷길,강원,1954682,195,2021년 2분기
오륙도&이기대 갈맷길,경기,26980034,1535,2021년 2분기
오륙도&이기대 갈맷길,경남,117727732,2769,2021년 2분기
오륙도&이기대 갈맷길,경북,15222576,425,2021년 2분기
오륙도&이기대 갈맷길,광주,2112874,85,2021년 2분기
오륙도&이기대 갈맷길,대구,6082792,380,2021년 2분기
오륙도&이기대 갈맷길,대전,2856738,170,2021년 2분기
오륙도&이기대 갈맷길,부산,1441371535,29120,2021년 2분기
오륙도&이기대 갈맷길,서울,72768308,1700,2021년 2분기
오륙도&이기대 갈맷길,세종,5478374,75,2021년 2분기
오륙도&이기대 갈맷길,울산,24145749,711,2021년 2분기
오륙도&이기대 갈맷길,인천,4498442,370,2021년 2분기
오륙도&이기대 갈맷길,전남,19205905,85,2021년 2분기
오륙도&이기대 갈맷길,전북,259588,100,2021년 2분기
오륙도&이기대 갈맷길,제주,342392,15,2021년 2분기
오륙도&이기대 갈맷길,충남,1989074,180,2021년 2분기
오륙도&이기대 갈맷길,충북,2409901,250,2021년 2분기
을숙도,서울,565998,200,2021년 2분기
을숙도,부산,27513582,5872,2021년 2분기
을숙도,대구,238108,80,2021년 2분기
을숙도,인천,285418,45,2021년 2분기
을숙도,광주,2545,5,2021년 2분기
을숙도,대전,47037,20,2021년 2분기
을숙도,울산,390117,165,2021년 2분기
을숙도,세종,38175,5,2021년 2분기
을숙도,경기,814988,180,2021년 2분기
을숙도,강원,33085,10,2021년 2분기
을숙도,충북,6108,10,2021년 2분기
을숙도,충남,89376,20,2021년 2분기
을숙도,전남,22905,20,2021년 2분기
을숙도,경북,197310,80,2021년 2분기
을숙도,경남,4361549,1127,2021년 2분기
을숙도,제주,15150,5,2021년 2분기
을숙도,강원,20320,5,2021년 2분기
을숙도,경기,721360,125,2021년 2분기
을숙도,경남,3585022,847,2021년 2분기
을숙도,경북,177800,55,2021년 2분기
을숙도,광주,36576,20,2021년 2분기
을숙도,대구,341884,75,2021년 2분기
을숙도,대전,277368,35,2021년 2분기
을숙도,부산,17608220,3985,2021년 2분기
을숙도,서울,1113028,140,2021년 2분기
을숙도,세종,15240,5,2021년 2분기
을숙도,울산,79756,40,2021년 2분기
을숙도,인천,113284,20,2021년 2분기
을숙도,제주,26924,5,2021년 2분기
을숙도,충남,82296,25,2021년 2분기
을숙도,충북,2540,5,2021년 2분기
일광해수욕장,강원,706120,20,2021년 2분기
일광해수욕장,경기,11748973,575,2021년 2분기
일광해수욕장,경남,42111625,1601,2021년 2분기
일광해수욕장,경북,6237732,225,2021년 2분기
일광해수욕장,광주,1118108,75,2021년 2분기
일광해수욕장,대구,8805875,385,2021년 2분기
일광해수욕장,대전,1461008,100,2021년 2분기
일광해수욕장,부산,151263937,6981,2021년 2분기
일광해수욕장,서울,12530938,570,2021년 2분기
일광해수욕장,세종,398272,25,2021년 2분기
일광해수욕장,울산,16996613,685,2021년 2분기
일광해수욕장,인천,3508883,145,2021년 2분기
일광해수욕장,전남,1723136,160,2021년 2분기
일광해수욕장,전북,553212,25,2021년 2분기
일광해수욕장,제주,396748,35,2021년 2분기
일광해수욕장,충남,1574800,60,2021년 2분기
일광해수욕장,충북,1584452,75,2021년 2분기
일광해수욕장,서울,19913565,925,2021년 2분기
일광해수욕장,부산,247464850,11355,2021년 2분기
일광해수욕장,대구,13166770,530,2021년 2분기
일광해수욕장,인천,4190783,195,2021년 2분기
일광해수욕장,광주,1455615,55,2021년 2분기
일광해수욕장,대전,3311157,110,2021년 2분기
일광해수욕장,울산,29212814,1090,2021년 2분기
일광해수욕장,세종,1241955,55,2021년 2분기
일광해수욕장,경기,20949948,830,2021년 2분기
일광해수욕장,강원,4130749,85,2021년 2분기
일광해수욕장,충북,3000333,130,2021년 2분기
일광해수욕장,충남,1396010,60,2021년 2분기
일광해수욕장,전북,744110,35,2021년 2분기
일광해수욕장,전남,3432416,225,2021년 2분기
일광해수욕장,경북,8636484,385,2021년 2분기
일광해수욕장,경남,57155208,2551,2021년 2분기
일광해수욕장,제주,229211,25,2021년 2분기
자갈치·국제시장·부평깡통야시장,서울,1013298401,31963,2021년 2분기
자갈치·국제시장·부평깡통야시장,부산,14434573248,355018,2021년 2분기
자갈치·국제시장·부평깡통야시장,대구,313878906,6179,2021년 2분기
자갈치·국제시장·부평깡통야시장,인천,268677760,8571,2021년 2분기
자갈치·국제시장·부평깡통야시장,광주,73776049,1755,2021년 2분기
자갈치·국제시장·부평깡통야시장,대전,116443495,3131,2021년 2분기
자갈치·국제시장·부평깡통야시장,울산,362534213,8713,2021년 2분기
자갈치·국제시장·부평깡통야시장,세종,29318256,700,2021년 2분기
자갈치·국제시장·부평깡통야시장,경기,1092947982,34271,2021년 2분기
자갈치·국제시장·부평깡통야시장,강원,86643937,2345,2021년 2분기
자갈치·국제시장·부평깡통야시장,충북,147774964,4260,2021년 2분기
자갈치·국제시장·부평깡통야시장,충남,125583065,3342,2021년 2분기
자갈치·국제시장·부평깡통야시장,전북,77317159,1855,2021년 2분기
자갈치·국제시장·부평깡통야시장,전남,102657032,2660,2021년 2분기
자갈치·국제시장·부평깡통야시장,경북,311835792,7544,2021년 2분기
자갈치·국제시장·부평깡통야시장,경남,1569267364,35027,2021년 2분기
자갈치·국제시장·부평깡통야시장,제주,74542346,1740,2021년 2분기
자갈치·국제시장·부평깡통야시장,강원,44320969,1290,2021년 2분기
자갈치·국제시장·부평깡통야시장,경기,656798936,20240,2021년 2분기
자갈치·국제시장·부평깡통야시장,경남,958650096,19319,2021년 2분기
자갈치·국제시장·부평깡통야시장,경북,153581481,3723,2021년 2분기
자갈치·국제시장·부평깡통야시장,광주,39688110,1035,2021년 2분기
자갈치·국제시장·부평깡통야시장,대구,131417164,3423,2021년 2분기
자갈치·국제시장·부평깡통야시장,대전,55018840,1840,2021년 2분기
자갈치·국제시장·부평깡통야시장,부산,7513614826,187760,2021년 2분기
자갈치·국제시장·부평깡통야시장,서울,586888992,18297,2021년 2분기
자갈치·국제시장·부평깡통야시장,세종,14116812,415,2021년 2분기
자갈치·국제시장·부평깡통야시장,울산,212805009,5156,2021년 2분기
자갈치·국제시장·부평깡통야시장,인천,144450920,4729,2021년 2분기
자갈치·국제시장·부평깡통야시장,전남,69702170,1565,2021년 2분기
자갈치·국제시장·부평깡통야시장,전북,43719393,1015,2021년 2분기
자갈치·국제시장·부평깡통야시장,제주,43165725,855,2021년 2분기
자갈치·국제시장·부평깡통야시장,충남,81055718,1975,2021년 2분기
자갈치·국제시장·부평깡통야시장,충북,75143045,2121,2021년 2분기
전포카페거리,서울,297121745,13508,2021년 2분기
전포카페거리,부산,4154512987,173371,2021년 2분기
전포카페거리,대구,71680827,3789,2021년 2분기
전포카페거리,인천,45218556,2298,2021년 2분기
전포카페거리,광주,18661204,945,2021년 2분기
전포카페거리,대전,17233861,1190,2021년 2분기
전포카페거리,울산,131869708,7068,2021년 2분기
전포카페거리,세종,4556036,175,2021년 2분기
전포카페거리,경기,221293756,11336,2021년 2분기
전포카페거리,강원,24693289,1145,2021년 2분기
전포카페거리,충북,28000634,1300,2021년 2분기
전포카페거리,충남,15200015,875,2021년 2분기
전포카페거리,전북,15663945,745,2021년 2분기
전포카페거리,전남,32304096,1490,2021년 2분기
전포카페거리,경북,155972555,4672,2021년 2분기
전포카페거리,경남,659683202,25671,2021년 2분기
전포카페거리,제주,13154569,970,2021년 2분기
전포카페거리,강원,9163202,620,2021년 2분기
전포카페거리,경기,108502838,6145,2021년 2분기
전포카페거리,경남,348391123,14502,2021년 2분기
전포카페거리,경북,45053051,2688,2021년 2분기
전포카페거리,광주,8984488,365,2021년 2분기
전포카페거리,대구,106937099,1876,2021년 2분기
전포카페거리,대전,8153146,540,2021년 2분기
전포카페거리,부산,2050431216,89053,2021년 2분기
전포카페거리,서울,172861860,7393,2021년 2분기
전포카페거리,세종,3283356,115,2021년 2분기
전포카페거리,울산,82370980,4309,2021년 2분기
전포카페거리,인천,22318777,1151,2021년 2분기
전포카페거리,전남,13572288,790,2021년 2분기
전포카페거리,전북,9231580,375,2021년 2분기
전포카페거리,제주,10212528,520,2021년 2분기
전포카페거리,충남,12181129,550,2021년 2분기
전포카페거리,충북,15119554,685,2021년 2분기
태종대,서울,53670440,4055,2021년 2분기
태종대,부산,228818463,11884,2021년 2분기
태종대,대구,22016765,1130,2021년 2분기
태종대,인천,15166415,1195,2021년 2분기
태종대,광주,3276496,260,2021년 2분기
태종대,대전,5655408,445,2021년 2분기
태종대,울산,18279712,945,2021년 2분기
태종대,세종,1938860,90,2021년 2분기
태종대,경기,69741081,4746,2021년 2분기
태종대,강원,4146790,245,2021년 2분기
태종대,충북,8205646,435,2021년 2분기
태종대,충남,4203930,370,2021년 2분기
태종대,전북,2214100,135,2021년 2분기
태종대,전남,4051637,225,2021년 2분기
태종대,경북,14450440,755,2021년 2분기
태종대,경남,50782788,2871,2021년 2분기
태종대,제주,1194113,90,2021년 2분기
태종대,강원,1855216,125,2021년 2분기
태종대,경기,32811974,2170,2021년 2분기
태종대,경남,16191230,945,2021년 2분기
태종대,경북,6970268,380,2021년 2분기
태종대,광주,1736344,140,2021년 2분기
태종대,대구,11246358,601,2021년 2분기
태종대,대전,3029204,240,2021년 2분기
태종대,부산,124242374,5584,2021년 2분기
태종대,서울,33470159,2322,2021년 2분기
태종대,세종,927862,70,2021년 2분기
태종대,울산,6038850,345,2021년 2분기
태종대,인천,9552940,590,2021년 2분기
태종대,전남,1790294,125,2021년 2분기
태종대,전북,2163572,100,2021년 2분기
태종대,제주,1938020,80,2021년 2분기
태종대,충남,2457450,200,2021년 2분기
태종대,충북,4481830,230,2021년 2분기
해운대해수욕장,서울,2531734438,50071,2021년 2분기
해운대해수욕장,부산,5131056123,102817,2021년 2분기
해운대해수욕장,대구,488749216,8923,2021년 2분기
해운대해수욕장,인천,321685339,7947,2021년 2분기
해운대해수욕장,광주,142032968,3055,2021년 2분기
해운대해수욕장,대전,212942949,3976,2021년 2분기
해운대해수욕장,울산,321349124,6513,2021년 2분기
해운대해수욕장,세종,58546375,1330,2021년 2분기
해운대해수욕장,경기,1828346668,40031,2021년 2분기
해운대해수욕장,강원,101954368,2406,2021년 2분기
해운대해수욕장,충북,140803024,3441,2021년 2분기
해운대해수욕장,충남,117425245,3131,2021년 2분기
해운대해수욕장,전북,111863060,2260,2021년 2분기
해운대해수욕장,전남,102576805,2060,2021년 2분기
해운대해수욕장,경북,278234670,5990,2021년 2분기
해운대해수욕장,경남,731826324,15349,2021년 2분기
해운대해수욕장,제주,44720375,1045,2021년 2분기
해운대해수욕장,강원,54691376,1290,2021년 2분기
해운대해수욕장,경기,978354388,22084,2021년 2분기
해운대해수욕장,경남,361751013,8827,2021년 2분기
해운대해수욕장,경북,146672125,3053,2021년 2분기
해운대해수욕장,광주,68835195,1535,2021년 2분기
해운대해수욕장,대구,216896439,4761,2021년 2분기
해운대해수욕장,대전,107045535,2155,2021년 2분기
해운대해수욕장,부산,2593683472,55191,2021년 2분기
해운대해수욕장,서울,1409569205,27896,2021년 2분기
해운대해수욕장,세종,31737012,755,2021년 2분기
해운대해수욕장,울산,142600124,3577,2021년 2분기
해운대해수욕장,인천,162565876,3975,2021년 2분기
해운대해수욕장,전남,52767614,1290,2021년 2분기
해운대해수욕장,전북,58899733,1225,2021년 2분기
해운대해수욕장,제주,15950369,385,2021년 2분기
해운대해수욕장,충남,54710393,1400,2021년 2분기
해운대해수욕장,충북,93662775,2125,2021년 2분기
흰여울문화마을,서울,93426410,7754,2021년 2분기
흰여울문화마을,부산,95113793,7960,2021년 2분기
흰여울문화마을,대구,10968695,895,2021년 2분기
흰여울문화마을,인천,19254417,1525,2021년 2분기
흰여울문화마을,광주,2765112,260,2021년 2분기
흰여울문화마을,대전,6495338,505,2021년 2분기
흰여울문화마을,울산,7900609,620,2021년 2분기
흰여울문화마을,세종,1246255,105,2021년 2분기
흰여울문화마을,경기,77416063,6461,2021년 2분기
흰여울문화마을,강원,4091810,320,2021년 2분기
흰여울문화마을,충북,5462647,515,2021년 2분기
흰여울문화마을,충남,5694034,425,2021년 2분기
흰여울문화마을,전북,2641773,210,2021년 2분기
흰여울문화마을,전남,3232369,270,2021년 2분기
흰여울문화마을,경북,7957131,630,2021년 2분기
흰여울문화마을,경남,21949271,1660,2021년 2분기
흰여울문화마을,제주,929564,90,2021년 2분기
흰여울문화마을,강원,1993392,170,2021년 2분기
흰여울문화마을,경기,44999402,3793,2021년 2분기
흰여울문화마을,경남,13508990,1010,2021년 2분기
흰여울문화마을,경북,4923790,370,2021년 2분기
흰여울문화마을,광주,3109976,215,2021년 2분기
흰여울문화마을,대구,9108186,715,2021년 2분기
흰여울문화마을,대전,4496816,375,2021년 2분기
흰여울문화마을,부산,62118141,4859,2021년 2분기
흰여울문화마을,서울,48137572,3914,2021년 2분기
흰여울문화마을,세종,843280,70,2021년 2분기
흰여울문화마을,울산,5455158,430,2021년 2분기
흰여울문화마을,인천,11198352,900,2021년 2분기
흰여울문화마을,전남,1286764,140,2021년 2분기
흰여울문화마을,전북,1522476,145,2021년 2분기
흰여울문화마을,제주,805180,75,2021년 2분기
흰여울문화마을,충남,3259836,285,2021년 2분기
흰여울문화마을,충북,3599180,265,2021년 2분기
BIFF광장&용두산공원&보수동책방골목,강원,23660714,1140,2021년 3분기
BIFF광장&용두산공원&보수동책방골목,경기,258162278,15041,2021년 3분기
BIFF광장&용두산공원&보수동책방골목,경남,379842612,15308,2021년 3분기
BIFF광장&용두산공원&보수동책방골목,경북,61125811,2885,2021년 3분기
BIFF광장&용두산공원&보수동책방골목,광주,16282701,895,2021년 3분기
BIFF광장&용두산공원&보수동책방골목,대구,40962968,2635,2021년 3분기
BIFF광장&용두산공원&보수동책방골목,대전,26415946,1275,2021년 3분기
BIFF광장&용두산공원&보수동책방골목,부산,4062289637,165391,2021년 3분기
BIFF광장&용두산공원&보수동책방골목,서울,255412960,15414,2021년 3분기
BIFF광장&용두산공원&보수동책방골목,세종,4380776,300,2021년 3분기
BIFF광장&용두산공원&보수동책방골목,울산,80029039,4535,2021년 3분기
BIFF광장&용두산공원&보수동책방골목,인천,57772186,3630,2021년 3분기
BIFF광장&용두산공원&보수동책방골목,전남,49286318,975,2021년 3분기
BIFF광장&용두산공원&보수동책방골목,전북,12248949,675,2021년 3분기
BIFF광장&용두산공원&보수동책방골목,제주,21573439,825,2021년 3분기
BIFF광장&용두산공원&보수동책방골목,충남,28642913,1460,2021년 3분기
BIFF광장&용두산공원&보수동책방골목,충북,29207603,1345,2021년 3분기
감천문화마을,강원,8619843,350,2021년 3분기
감천문화마을,경기,57127815,5785,2021년 3분기
감천문화마을,경남,16886892,1395,2021년 3분기
감천문화마을,경북,3904238,425,2021년 3분기
감천문화마을,광주,3955478,310,2021년 3분기
감천문화마을,대구,4769835,490,2021년 3분기
감천문화마을,대전,3627833,390,2021년 3분기
감천문화마을,부산,448790527,28124,2021년 3분기
감천문화마을,서울,93849029,6160,2021년 3분기
감천문화마을,세종,1639760,145,2021년 3분기
감천문화마을,울산,11204513,440,2021년 3분기
감천문화마을,인천,10536983,1245,2021년 3분기
감천문화마을,전남,1312372,165,2021년 3분기
감천문화마을,전북,2142131,215,2021년 3분기
감천문화마을,제주,368940,40,2021년 3분기
감천문화마을,충남,3526998,420,2021년 3분기
감천문화마을,충북,2833856,320,2021년 3분기
광안리해수욕장,강원,145890475,5510,2021년 3분기
광안리해수욕장,경기,2343756963,100566,2021년 3분기
광안리해수욕장,경남,1256261972,44074,2021년 3분기
광안리해수욕장,경북,373886183,13112,2021년 3분기
광안리해수욕장,광주,158228960,6555,2021년 3분기
광안리해수욕장,대구,476852725,18610,2021년 3분기
광안리해수욕장,대전,199371028,8595,2021년 3분기
광안리해수욕장,부산,9171600726,344036,2021년 3분기
광안리해수욕장,서울,2694511763,114518,2021년 3분기
광안리해수욕장,세종,56325768,1730,2021년 3분기
광안리해수욕장,울산,379365752,13722,2021년 3분기
광안리해수욕장,인천,488961569,22028,2021년 3분기
광안리해수욕장,전남,146503215,5341,2021년 3분기
광안리해수욕장,전북,115945653,4710,2021년 3분기
광안리해수욕장,제주,62180866,2196,2021년 3분기
광안리해수욕장,충남,184286103,7445,2021년 3분기
광안리해수욕장,충북,254458892,10511,2021년 3분기
국립해양박물관,강원,165530,10,2021년 3분기
국립해양박물관,경기,828335,55,2021년 3분기
국립해양박물관,경남,1532240,115,2021년 3분기
국립해양박물관,경북,291620,20,2021년 3분기
국립해양박물관,광주,202400,20,2021년 3분기
국립해양박물관,대구,521020,45,2021년 3분기
국립해양박물관,부산,10704905,1230,2021년 3분기
국립해양박물관,서울,468495,60,2021년 3분기
국립해양박물관,세종,101200,10,2021년 3분기
국립해양박물관,울산,1454955,60,2021년 3분기
국립해양박물관,인천,70140,5,2021년 3분기
국립해양박물관,전북,35420,5,2021년 3분기
국립해양박물관,제주,75450,5,2021년 3분기
국립해양박물관,충남,80480,5,2021년 3분기
국립해양박물관,충북,176200,10,2021년 3분기
"다대포 해수욕장(꿈의 낙조분수, 몰운대)",강원,7574116,635,2021년 3분기
"다대포 해수욕장(꿈의 낙조분수, 몰운대)",경기,131953974,8430,2021년 3분기
"다대포 해수욕장(꿈의 낙조분수, 몰운대)",경남,271199003,16260,2021년 3분기
"다대포 해수욕장(꿈의 낙조분수, 몰운대)",경북,36484068,2310,2021년 3분기
"다대포 해수욕장(꿈의 낙조분수, 몰운대)",광주,6454661,440,2021년 3분기
"다대포 해수욕장(꿈의 낙조분수, 몰운대)",대구,43957858,2770,2021년 3분기
"다대포 해수욕장(꿈의 낙조분수, 몰운대)",대전,10984900,675,2021년 3분기
"다대포 해수욕장(꿈의 낙조분수, 몰운대)",부산,2954981175,164368,2021년 3분기
"다대포 해수욕장(꿈의 낙조분수, 몰운대)",서울,149751232,9516,2021년 3분기
"다대포 해수욕장(꿈의 낙조분수, 몰운대)",세종,2946224,180,2021년 3분기
"다대포 해수욕장(꿈의 낙조분수, 몰운대)",울산,35722466,2270,2021년 3분기
"다대포 해수욕장(꿈의 낙조분수, 몰운대)",인천,24912705,1300,2021년 3분기
"다대포 해수욕장(꿈의 낙조분수, 몰운대)",전남,6711727,555,2021년 3분기
"다대포 해수욕장(꿈의 낙조분수, 몰운대)",전북,6182668,385,2021년 3분기
"다대포 해수욕장(꿈의 낙조분수, 몰운대)",제주,6247174,270,2021년 3분기
"다대포 해수욕장(꿈의 낙조분수, 몰운대)",충남,8675030,505,2021년 3분기
"다대포 해수욕장(꿈의 낙조분수, 몰운대)",충북,10220905,735,2021년 3분기
동백섬&누리마루APEC하우스,강원,35826593,755,2021년 3분기
동백섬&누리마루APEC하우스,경기,1236815894,16483,2021년 3분기
동백섬&누리마루APEC하우스,경남,335938055,4120,2021년 3분기
동백섬&누리마루APEC하우스,경북,125251784,1625,2021년 3분기
동백섬&누리마루APEC하우스,광주,137283074,1370,2021년 3분기
동백섬&누리마루APEC하우스,대구,241469623,3170,2021년 3분기
동백섬&누리마루APEC하우스,대전,130395821,1645,2021년 3분기
동백섬&누리마루APEC하우스,부산,1270392330,25654,2021년 3분기
동백섬&누리마루APEC하우스,서울,1708183527,21259,2021년 3분기
동백섬&누리마루APEC하우스,세종,57206981,555,2021년 3분기
동백섬&누리마루APEC하우스,울산,83119470,1725,2021년 3분기
동백섬&누리마루APEC하우스,인천,172658226,2725,2021년 3분기
동백섬&누리마루APEC하우스,전남,51222951,745,2021년 3분기
동백섬&누리마루APEC하우스,전북,41083902,700,2021년 3분기
동백섬&누리마루APEC하우스,제주,17133698,295,2021년 3분기
동백섬&누리마루APEC하우스,충남,54699649,1130,2021년 3분기
동백섬&누리마루APEC하우스,충북,75394221,1170,2021년 3분기
렛츠런파크,경기,25150,5,2021년 3분기
렛츠런파크,경남,60360,5,2021년 3분기
렛츠런파크,부산,283225,10,2021년 3분기
마린시티 카페거리,강원,35544619,955,2021년 3분기
마린시티 카페거리,경기,652665542,15151,2021년 3분기
마린시티 카페거리,경남,198517891,6265,2021년 3분기
마린시티 카페거리,경북,74969893,1890,2021년 3분기
마린시티 카페거리,광주,43265892,930,2021년 3분기
마린시티 카페거리,대구,142891753,3230,2021년 3분기
마린시티 카페거리,대전,98516225,2140,2021년 3분기
마린시티 카페거리,부산,1960102858,80752,2021년 3분기
마린시티 카페거리,서울,782776078,19342,2021년 3분기
마린시티 카페거리,세종,27687967,585,2021년 3분기
마린시티 카페거리,울산,87798969,2495,2021년 3분기
마린시티 카페거리,인천,95244463,2015,2021년 3분기
마린시티 카페거리,전남,39303221,760,2021년 3분기
마린시티 카페거리,전북,27064165,620,2021년 3분기
마린시티 카페거리,제주,6402019,225,2021년 3분기
마린시티 카페거리,충남,60240207,1305,2021년 3분기
마린시티 카페거리,충북,76792847,1620,2021년 3분기
부산서면,강원,473796830,14772,2021년 3분기
부산서면,경기,4880414957,138359,2021년 3분기
부산서면,경남,30091724567,405822,2021년 3분기
부산서면,경북,3481002931,54720,2021년 3분기
부산서면,광주,468639284,9807,2021년 3분기
부산서면,대구,1651099519,36935,2021년 3분기
부산서면,대전,438556022,12066,2021년 3분기
부산서면,부산,1.40E+11,2997615,2021년 3분기
부산서면,서울,5878111824,165882,2021년 3분기
부산서면,세종,127316872,2755,2021년 3분기
부산서면,울산,4829455880,79516,2021년 3분기
부산서면,인천,1059446377,28925,2021년 3분기
부산서면,전남,1129625730,17769,2021년 3분기
부산서면,전북,398084939,8385,2021년 3분기
부산서면,제주,640674878,10843,2021년 3분기
부산서면,충남,781121558,15712,2021년 3분기
부산서면,충북,637575306,15159,2021년 3분기
부산시민공원,강원,75300,15,2021년 3분기
부산시민공원,경기,2668153,345,2021년 3분기
부산시민공원,경남,4930814,635,2021년 3분기
부산시민공원,경북,515770,105,2021년 3분기
부산시민공원,광주,230283,30,2021년 3분기
부산시민공원,대구,390990,80,2021년 3분기
부산시민공원,대전,317215,55,2021년 3분기
부산시민공원,부산,61064263,8882,2021년 3분기
부산시민공원,서울,2296101,340,2021년 3분기
부산시민공원,세종,15180,5,2021년 3분기
부산시민공원,울산,1074413,155,2021년 3분기
부산시민공원,인천,391644,65,2021년 3분기
부산시민공원,전남,55260,10,2021년 3분기
부산시민공원,전북,15180,5,2021년 3분기
부산시민공원,제주,80480,5,2021년 3분기
부산시민공원,충남,210957,45,2021년 3분기
부산시민공원,충북,212460,25,2021년 3분기
센텀시티(신세계센텀 등),강원,858535187,7539,2021년 3분기
센텀시티(신세계센텀 등),경기,9459205013,96271,2021년 3분기
센텀시티(신세계센텀 등),경남,43218741216,214293,2021년 3분기
센텀시티(신세계센텀 등),경북,7868180959,37666,2021년 3분기
센텀시티(신세계센텀 등),광주,5101052877,11819,2021년 3분기
센텀시티(신세계센텀 등),대구,7508351233,33817,2021년 3분기
센텀시티(신세계센텀 등),대전,1545462045,10058,2021년 3분기
센텀시티(신세계센텀 등),부산,2.68E+11,2221014,2021년 3분기
센텀시티(신세계센텀 등),서울,12220740902,131077,2021년 3분기
센텀시티(신세계센텀 등),세종,388647836,2875,2021년 3분기
센텀시티(신세계센텀 등),울산,16167140660,77597,2021년 3분기
센텀시티(신세계센텀 등),인천,1333365195,18478,2021년 3분기
센텀시티(신세계센텀 등),전남,3205778254,12883,2021년 3분기
센텀시티(신세계센텀 등),전북,1779053232,5910,2021년 3분기
센텀시티(신세계센텀 등),제주,1635597757,6570,2021년 3분기
센텀시티(신세계센텀 등),충남,1327628524,8142,2021년 3분기
센텀시티(신세계센텀 등),충북,1071660590,9663,2021년 3분기
송도해수욕장,강원,37197860,1420,2021년 3분기
송도해수욕장,경기,588665490,25549,2021년 3분기
송도해수욕장,경남,318494265,14864,2021년 3분기
송도해수욕장,경북,106023873,4090,2021년 3분기
송도해수욕장,광주,27802117,1135,2021년 3분기
송도해수욕장,대구,116239557,4725,2021년 3분기
송도해수욕장,대전,54543755,2235,2021년 3분기
송도해수욕장,부산,1665732761,97975,2021년 3분기
송도해수욕장,서울,561532450,23755,2021년 3분기
송도해수욕장,세종,13726135,630,2021년 3분기
송도해수욕장,울산,86631783,3780,2021년 3분기
송도해수욕장,인천,128577395,5580,2021년 3분기
송도해수욕장,전남,29813818,1320,2021년 3분기
송도해수욕장,전북,28205185,925,2021년 3분기
송도해수욕장,제주,8751940,395,2021년 3분기
송도해수욕장,충남,53496702,2310,2021년 3분기
송도해수욕장,충북,72323354,2925,2021년 3분기
송정해수욕장,강원,5222733,365,2021년 3분기
송정해수욕장,경기,152567517,8656,2021년 3분기
송정해수욕장,경남,154305359,10536,2021년 3분기
송정해수욕장,경북,33376127,2020,2021년 3분기
송정해수욕장,광주,8878245,485,2021년 3분기
송정해수욕장,대구,46298798,2400,2021년 3분기
송정해수욕장,대전,19822174,805,2021년 3분기
송정해수욕장,부산,662987422,58716,2021년 3분기
송정해수욕장,서울,170583553,10448,2021년 3분기
송정해수욕장,세종,2393579,175,2021년 3분기
송정해수욕장,울산,58303987,3755,2021년 3분기
송정해수욕장,인천,29273649,1515,2021년 3분기
송정해수욕장,전남,8170007,465,2021년 3분기
송정해수욕장,전북,5435126,380,2021년 3분기
송정해수욕장,제주,2469206,185,2021년 3분기
송정해수욕장,충남,9654875,640,2021년 3분기
송정해수욕장,충북,17859997,1005,2021년 3분기
오륙도&이기대 갈맷길,강원,7445832,350,2021년 3분기
오륙도&이기대 갈맷길,경기,77828192,4380,2021년 3분기
오륙도&이기대 갈맷길,경남,374042400,6557,2021년 3분기
오륙도&이기대 갈맷길,경북,44819443,1030,2021년 3분기
오륙도&이기대 갈맷길,광주,2322302,200,2021년 3분기
오륙도&이기대 갈맷길,대구,7736556,780,2021년 3분기
오륙도&이기대 갈맷길,대전,9801453,395,2021년 3분기
오륙도&이기대 갈맷길,부산,4377916648,85368,2021년 3분기
오륙도&이기대 갈맷길,서울,99070872,3910,2021년 3분기
오륙도&이기대 갈맷길,세종,2616095,125,2021년 3분기
오륙도&이기대 갈맷길,울산,54497217,1730,2021년 3분기
오륙도&이기대 갈맷길,인천,20052505,830,2021년 3분기
오륙도&이기대 갈맷길,전남,30848883,265,2021년 3분기
오륙도&이기대 갈맷길,전북,5163147,190,2021년 3분기
오륙도&이기대 갈맷길,제주,3018317,140,2021년 3분기
오륙도&이기대 갈맷길,충남,7334492,510,2021년 3분기
오륙도&이기대 갈맷길,충북,6551477,490,2021년 3분기
을숙도,강원,64191,25,2021년 3분기
을숙도,경기,1379193,415,2021년 3분기
을숙도,경남,3874753,1422,2021년 3분기
을숙도,경북,101996,75,2021년 3분기
을숙도,광주,3022,15,2021년 3분기
을숙도,대구,93790,70,2021년 3분기
을숙도,대전,95455,50,2021년 3분기
을숙도,부산,26507371,8591,2021년 3분기
을숙도,서울,1137156,400,2021년 3분기
을숙도,세종,7064,10,2021년 3분기
을숙도,울산,294456,120,2021년 3분기
을숙도,인천,70774,30,2021년 3분기
을숙도,전남,96987,35,2021년 3분기
을숙도,제주,60816,20,2021년 3분기
을숙도,충남,51467,50,2021년 3분기
을숙도,충북,73020,20,2021년 3분기
일광해수욕장,강원,3587763,145,2021년 3분기
일광해수욕장,경기,39311161,1880,2021년 3분기
일광해수욕장,경남,82843544,3910,2021년 3분기
일광해수욕장,경북,18770486,690,2021년 3분기
일광해수욕장,광주,2379071,135,2021년 3분기
일광해수욕장,대구,20721508,800,2021년 3분기
일광해수욕장,대전,3541265,190,2021년 3분기
일광해수욕장,부산,326941030,16026,2021년 3분기
일광해수욕장,서울,41758545,1835,2021년 3분기
일광해수욕장,세종,1796171,85,2021년 3분기
일광해수욕장,울산,41275226,1590,2021년 3분기
일광해수욕장,인천,6040773,315,2021년 3분기
일광해수욕장,전남,5587965,370,2021년 3분기
일광해수욕장,전북,1080042,50,2021년 3분기
일광해수욕장,제주,575453,30,2021년 3분기
일광해수욕장,충남,4593094,185,2021년 3분기
일광해수욕장,충북,5942398,235,2021년 3분기
자갈치·국제시장·부평깡통야시장,강원,130681566,3495,2021년 3분기
자갈치·국제시장·부평깡통야시장,경기,1591034919,51340,2021년 3분기
자갈치·국제시장·부평깡통야시장,경남,2062703141,46422,2021년 3분기
자갈치·국제시장·부평깡통야시장,경북,406848812,9775,2021년 3분기
자갈치·국제시장·부평깡통야시장,광주,107400077,2645,2021년 3분기
자갈치·국제시장·부평깡통야시장,대구,309548300,7720,2021년 3분기
자갈치·국제시장·부평깡통야시장,대전,141442223,4215,2021년 3분기
자갈치·국제시장·부평깡통야시장,부산,21277855630,533844,2021년 3분기
자갈치·국제시장·부평깡통야시장,서울,1566325866,49351,2021년 3분기
자갈치·국제시장·부평깡통야시장,세종,38688502,1106,2021년 3분기
자갈치·국제시장·부평깡통야시장,울산,532538454,11985,2021년 3분기
자갈치·국제시장·부평깡통야시장,인천,338565196,11395,2021년 3분기
자갈치·국제시장·부평깡통야시장,전남,141945305,3500,2021년 3분기
자갈치·국제시장·부평깡통야시장,전북,105038273,2390,2021년 3분기
자갈치·국제시장·부평깡통야시장,제주,118932083,2185,2021년 3분기
자갈치·국제시장·부평깡통야시장,충남,159794271,4630,2021년 3분기
자갈치·국제시장·부평깡통야시장,충북,207404953,5885,2021년 3분기
전포카페거리,강원,38947876,1190,2021년 3분기
전포카페거리,경기,401260982,17653,2021년 3분기
전포카페거리,경남,758290038,32530,2021년 3분기
전포카페거리,경북,105717295,5850,2021년 3분기
전포카페거리,광주,24537811,1650,2021년 3분기
전포카페거리,대구,102944992,5090,2021년 3분기
전포카페거리,대전,24026939,1380,2021년 3분기
전포카페거리,부산,5483873054,228851,2021년 3분기
전포카페거리,서울,449937718,20785,2021년 3분기
전포카페거리,세종,5858022,375,2021년 3분기
전포카페거리,울산,155187892,8491,2021년 3분기
전포카페거리,인천,58234915,3065,2021년 3분기
전포카페거리,전남,41684972,1695,2021년 3분기
전포카페거리,전북,22496836,975,2021년 3분기
전포카페거리,제주,31880929,1685,2021년 3분기
전포카페거리,충남,31704894,1460,2021년 3분기
전포카페거리,충북,39295470,1765,2021년 3분기
태종대,강원,5255089,305,2021년 3분기
태종대,경기,83324467,5561,2021년 3분기
태종대,경남,47848555,2545,2021년 3분기
태종대,경북,15181609,660,2021년 3분기
태종대,광주,4733100,265,2021년 3분기
태종대,대구,19443894,950,2021년 3분기
태종대,대전,7465189,500,2021년 3분기
태종대,부산,243398096,13166,2021년 3분기
태종대,서울,77934928,5298,2021년 3분기
태종대,세종,2178086,125,2021년 3분기
태종대,울산,12849818,650,2021년 3분기
태종대,인천,16069551,1305,2021년 3분기
태종대,전남,4823373,215,2021년 3분기
태종대,전북,3242048,210,2021년 3분기
태종대,제주,1838504,95,2021년 3분기
태종대,충남,5663259,425,2021년 3분기
태종대,충북,6222492,495,2021년 3분기
해운대해수욕장,강원,153385328,3375,2021년 3분기
해운대해수욕장,경기,2995823021,67424,2021년 3분기
해운대해수욕장,경남,1166740372,23409,2021년 3분기
해운대해수욕장,경북,413641156,8280,2021년 3분기
해운대해수욕장,광주,241806824,5210,2021년 3분기
해운대해수욕장,대구,754432011,14420,2021년 3분기
해운대해수욕장,대전,330984396,6800,2021년 3분기
해운대해수욕장,부산,7159333484,148019,2021년 3분기
해운대해수욕장,서울,4056193843,84955,2021년 3분기
해운대해수욕장,세종,102969203,2135,2021년 3분기
해운대해수욕장,울산,484499043,10150,2021년 3분기
해운대해수욕장,인천,438048483,11035,2021년 3분기
해운대해수욕장,전남,202704340,2835,2021년 3분기
해운대해수욕장,전북,142018834,3190,2021년 3분기
해운대해수욕장,제주,84030719,1695,2021년 3분기
해운대해수욕장,충남,213530809,5550,2021년 3분기
해운대해수욕장,충북,285004597,6845,2021년 3분기
흰여울문화마을,강원,5977236,460,2021년 3분기
흰여울문화마을,경기,121322327,10176,2021년 3분기
흰여울문화마을,경남,27043612,2160,2021년 3분기
흰여울문화마을,경북,7905850,585,2021년 3분기
흰여울문화마을,광주,4963184,395,2021년 3분기
흰여울문화마을,대구,14761981,1205,2021년 3분기
흰여울문화마을,대전,10979604,900,2021년 3분기
흰여울문화마을,부산,131015981,11211,2021년 3분기
흰여울문화마을,서울,132508243,10971,2021년 3분기
흰여울문화마을,세종,2238133,185,2021년 3분기
흰여울문화마을,울산,8553144,690,2021년 3분기
흰여울문화마을,인천,28723240,2255,2021년 3분기
흰여울문화마을,전남,4141008,395,2021년 3분기
흰여울문화마을,전북,3082092,245,2021년 3분기
흰여울문화마을,제주,995787,85,2021년 3분기
흰여울문화마을,충남,8640169,665,2021년 3분기
흰여울문화마을,충북,11258312,875,2021년 3분기
